before_before_rse_id,before_rse_id,rse_id,frequency,distance,total_time,avg_time,avg_speed
RSE7125,RSE7124,RSE7121,1230,598.4700000000029,88800.0,72.1951219512195,29.842625675675823
RSE7056,RSE7067,RSE7401,1205,514.3295938584552,136419.0,113.21078838174274,16.355212823418867
RSE7124,RSE7121,RSE7097,990,515.4199999999951,88100.0,88.98989898989899,20.850815891032717
RSE7117,RSE7114,RSE7131,878,341.1514503426557,118518.0,134.98633257403188,9.09829312208328
RSE7194,RSE7125,RSE7124,820,583.3800000000019,103308.0,125.98536585365854,16.669936113369783
RSE7131,RSE7114,RSE7117,711,341.2814503426568,98057.0,137.9142053445851,8.90853279518101
RSE7125,RSE7194,RSE7196,685,247.92947460970026,96353.0,140.66131386861315,6.345355976332038
RSE7196,RSE7194,RSE7125,650,248.4694746096995,316012.0,486.1723076923077,1.839862317211678
RSE7121,RSE7097,RSE7120,581,457.98000000000434,109926.0,189.2013769363167,8.71414376944498
RSE7120,RSE7109,RSE7059,581,787.6299999999794,143939.0,247.7435456110155,11.44517405289711
RSE7144,RSE7131,RSE7114,576,650.75,62782.0,108.99652777777777,21.49334522633876
RSE7097,RSE7120,RSE7109,524,438.9100000000029,108145.0,206.38358778625954,7.656015756623104
RSE7114,RSE7131,RSE7144,503,650.6899999999905,103302.0,205.37176938369782,11.4060662136259
RSE7097,RSE7121,RSE7124,443,521.6199999999969,31607.0,71.34762979683973,26.31947277501804
RSE7056,RSE7056,RSE7067,431,513.4200000000043,55035.0,127.69141531322506,14.474833687653433
RSE7124,RSE7125,RSE7194,385,582.7300000000035,38267.0,99.3948051948052,21.10601249118052
RSE7121,RSE7124,RSE7125,365,604.2400000000059,51144.0,140.1205479452055,15.52423275457547
RSE7401,RSE7067,RSE7056,360,516.3295938584581,33699.0,93.60833333333333,19.85706263214225
RSE7109,RSE7097,RSE7121,337,254.08917357704718,29727.0,88.2106824925816,10.369730729090511
RSE7059,RSE7109,RSE7097,329,554.5191735770441,50112.0,152.3161094224924,13.10609253641146
RSE7126,RSE7125,RSE7124,323,868.1399999999936,36784.0,113.88235294117646,27.443268595041122
RSE7060,RSE7056,RSE7056,321,1.919768479857689,74526.0,232.16822429906543,0.029767926030157873
RSE7129,RSE7130,RSE7114,319,456.0999999999978,19255.0,60.36050156739812,27.202557257854973
RSE7114,RSE7131,RSE7131,312,340.33000000000146,42205.0,135.27243589743588,9.057188863878729
RSE7131,RSE7131,RSE7114,300,340.4600000000018,42080.0,140.26666666666668,8.738041825095104
RSE7144,RSE7131,RSE7131,272,310.28999999999917,27712.0,101.88235294117646,10.964057736720527
RSE7124,RSE7125,RSE7125,270,336.22999999999985,34116.0,126.35555555555555,9.579539219134713
RSE7121,RSE7097,RSE7109,269,253.7691735770485,48212.0,179.2267657992565,5.0972800898534345
RSE7059,RSE7109,RSE7120,267,787.7300000000032,39921.0,149.51685393258427,18.966610956639443
RSE7125,RSE7125,RSE7194,249,246.5,30927.0,124.20481927710843,7.14465030555825
RSE7114,RSE7131,RSE7132,248,548.970000000001,28407.0,114.54435483870968,17.25350850142574
RSE7125,RSE7125,RSE7124,246,336.33999999999793,33979.0,138.1260162601626,8.76608210953819
RSE7068,RSE8069,RSE8069,231,411.8999999999989,35290.0,152.77056277056278,9.706320204023775
RSE7131,RSE7131,RSE7144,230,310.36000000000047,35351.0,153.7,7.2693298633702135
RSE7097,RSE7109,RSE7059,221,553.8891735770476,56943.0,257.6606334841629,7.738865646311208
RSE7120,RSE7097,RSE7121,221,458.97000000000105,17517.0,79.26244343891403,20.845837300907736
RSE7131,RSE7144,RSE7144,213,310.36000000000047,35693.0,167.57276995305165,6.667527190205372
RSE7059,RSE7059,RSE7109,198,554.0399999999978,33157.0,167.45959595959596,11.910598425671756
RSE7056,RSE7067,RSE7068,187,1189.5800000000072,34724.0,185.6898395721925,23.06258656836784
RSE7109,RSE7120,RSE7097,186,439.05000000000166,10086.0,54.225806451612904,29.148114217727652
RSE7131,RSE7114,RSE7120,164,654.1800000000029,23495.0,143.2621951219512,16.43872619706328
RSE7120,RSE7114,RSE7130,164,513.7399999999997,16919.0,103.16463414634147,17.927306341982376
RSE7124,RSE7124,RSE7125,159,336.230000000001,20496.0,128.9056603773585,9.390029859484805
RSE7126,RSE7126,RSE7092,159,0.9111988879754259,22097.0,138.9748427672956,0.023603667623529608
RSE7130,RSE7114,RSE7109,153,200.25043467551563,29970.0,195.88235294117646,3.6802782589013683
RSE7114,RSE7130,RSE7129,148,455.6500000000002,18070.0,122.0945945945946,13.434992805755401
RSE7059,RSE7109,RSE7109,144,554.0399999999995,23643.0,164.1875,12.147964979063559
RSE7114,RSE7109,RSE7059,144,553.7904346755176,42628.0,296.02777777777777,6.734657064272036
RSE7092,RSE7125,RSE7124,143,716.419999999999,27239.0,190.4825174825175,13.539888248467253
RSE7056,RSE7056,RSE7056,138,0.0,20083.0,145.52898550724638,
RSE7067,RSE7068,RSE8069,137,1088.0599999999997,29739.0,217.07299270072994,18.044695248663366
RSE7067,RSE7056,RSE7056,133,515.4199999999987,14687.0,110.42857142857143,16.80282535575675
RSE7196,RSE7196,RSE7194,132,1.429474609700257,69885.0,529.4318181818181,0.009720059161902586
RSE7092,RSE7126,RSE7126,129,0.9111988879754268,28558.0,221.3798449612403,0.01481759099291926
RSE7109,RSE7120,RSE7114,128,547.5600000000018,11673.0,91.1953125,21.615321511179715
RSE7194,RSE7125,RSE7125,123,247.04000000000065,17635.0,143.3739837398374,6.202966373688704
RSE7056,RSE7067,RSE8069,122,514.3654519129196,33828.0,277.27868852459017,6.678175076272741
RSE7385,RSE7144,RSE7144,122,231.52000000000038,11394.0,93.39344262295081,8.924309636650884
RSE7121,RSE7124,RSE7124,121,268.0099999999993,11972.0,98.94214876033058,9.75151653859002
RSE7109,RSE7059,RSE7059,120,553.4100000000017,21328.0,177.73333333333332,11.209354838709713
RSE7125,RSE7125,RSE7126,120,529.9899999999993,18085.0,150.70833333333334,12.659976776333961
RSE7125,RSE7125,RSE7125,118,0.0,19708.0,167.01694915254237,
RSE8069,RSE8069,RSE7068,112,412.8300000000011,18008.0,160.78571428571428,9.243283873833878
RSE7132,RSE7131,RSE7114,109,549.0999999999988,14980.0,137.43119266055047,14.383634178905174
RSE7120,RSE7114,RSE7131,107,654.2000000000021,11914.0,111.34579439252336,21.15140506966601
RSE7124,RSE7121,RSE7120,107,262.64032404833074,17246.0,161.17757009345794,5.866232913337411
RSE7109,RSE7109,RSE7059,105,553.4100000000014,22598.0,215.21904761904761,9.25696875829722
RSE7068,RSE7068,RSE8069,103,411.9000000000008,14270.0,138.54368932038835,10.703049754730223
RSE7401,RSE7068,RSE7068,101,287.06999999999977,14107.0,139.67326732673268,7.399067980435238
RSE7109,RSE7385,RSE7144,101,1199.8000000000002,14421.0,142.78217821782178,30.25083420012482
RSE7194,RSE7196,RSE7196,100,1.4294746097002546,24449.0,244.49,0.02104833978862496
RSE7144,RSE7385,RSE7385,99,231.52000000000035,13460.0,135.95959595959596,6.130291827637453
RSE7109,RSE7114,RSE7130,97,749.9700000000003,15827.0,163.16494845360825,16.547009793391044
RSE7132,RSE7131,RSE7131,94,208.63999999999973,9736.0,103.57446808510639,7.2518258011503605
RSE7092,RSE7125,RSE7125,93,380.0800000000009,15767.0,169.53763440860214,8.070703621487937
RSE7126,RSE7126,RSE7126,91,0.0,16278.0,178.87912087912088,
RSE7130,RSE7114,RSE7117,90,200.69145034266447,15239.0,169.32222222222222,4.266948612837017
RSE7125,RSE7124,RSE7124,88,336.3400000000001,10643.0,120.94318181818181,10.01151104012027
RSE7114,RSE7120,RSE7109,87,547.9400000000013,17304.0,198.89655172413794,9.917638002773948
RSE7097,RSE7121,RSE7125,86,254.20889896373384,16285.0,189.36046511627907,4.8328569308671785
RSE7112,RSE7092,RSE7126,85,1.371453449068436,14208.0,167.1529411764706,0.029537215330443515
RSE7131,RSE7131,RSE7132,84,208.63999999999976,12143.0,144.5595238095238,5.195811249279415
RSE7060,RSE7385,RSE7144,84,792.3999999999976,12285.0,146.25,19.50523076923071
RSE7117,RSE7116,RSE7142,84,416.9700000000005,6673.0,79.44047619047619,18.895808182226908
RSE7120,RSE7109,RSE7109,84,234.21999999999994,11573.0,137.77380952380952,6.120118206169531
RSE7059,RSE7059,RSE7059,84,0.0,15215.0,181.13095238095238,
RSE7126,RSE7125,RSE7194,81,778.3000000000011,10299.0,127.14814814814815,22.03634139236822
RSE7130,RSE7114,RSE7131,81,540.2000000000015,8462.0,104.46913580246914,18.615258804065288
RSE7131,RSE7131,RSE7131,75,0.0,11199.0,149.32,
RSE7125,RSE7124,RSE7097,73,336.8521157874554,10407.0,142.56164383561645,8.506268475924212
RSE7126,RSE7126,RSE7125,73,531.8000000000001,11164.0,152.93150684931507,12.51854532425654
RSE7144,RSE7131,RSE7132,70,518.9300000000002,9842.0,140.6,13.286970128022764
RSE7194,RSE7125,RSE7126,69,777.0300000000003,9452.0,136.9855072463768,20.42046677951757
RSE7117,RSE7117,RSE7114,69,0.8214503426639296,9479.0,137.3768115942029,0.021526349310868248
RSE7121,RSE7097,RSE7097,68,253.29000000000045,8440.0,124.11764705882354,7.3466104265402965
RSE7060,RSE7059,RSE7059,66,970.6399999999995,10120.0,153.33333333333334,22.78893913043477
RSE7124,RSE7125,RSE7092,65,715.0200000000013,6113.0,94.04615384615384,27.37030590544746
RSE7097,RSE7121,RSE7121,65,253.61000000000024,9876.0,151.93846153846152,6.008985419198062
RSE7126,RSE7125,RSE7125,65,531.7999999999996,9579.0,147.36923076923077,12.991042906357649
RSE7125,RSE7125,RSE7092,65,378.7900000000006,8715.0,134.07692307692307,10.170609294320155
RSE7124,RSE7097,RSE7120,65,205.2021157874548,15798.0,243.04615384615386,3.0394540507826573
RSE7124,RSE7121,RSE7129,64,575.1000000000005,8408.0,131.375,15.759162702188405
RSE7097,RSE7120,RSE7120,64,204.69000000000008,9977.0,155.890625,4.726929537937258
RSE7132,RSE7130,RSE7097,64,655.1000000000003,10393.0,162.390625,14.522759549696918
RSE7121,RSE7125,RSE7194,62,247.09889896373352,12225.0,197.17741935483872,4.511449836294914
RSE7385,RSE7109,RSE7059,62,1524.1100000000006,19020.0,306.7741935483871,17.885454889589916
RSE8069,RSE7067,RSE7056,61,516.3654519129195,8426.0,138.13114754098362,13.457613724196193
RSE7130,RSE7130,RSE7114,60,199.8700000000002,10295.0,171.58333333333334,4.193484215638664
RSE7385,RSE7385,RSE7060,60,560.8899999999996,13672.0,227.86666666666667,8.861339964891744
RSE7124,RSE7121,RSE7121,59,262.12999999999965,7938.0,134.54237288135593,7.013909297052145
RSE7129,RSE7130,RSE7130,59,256.2299999999997,7335.0,124.32203389830508,7.419666257668704
RSE7116,RSE7117,RSE7117,58,211.96999999999983,8833.0,152.29310344827587,5.010679950186796
RSE7068,RSE7067,RSE7056,58,1184.5800000000004,5113.0,88.15517241379311,48.37479053393312
RSE7097,RSE7097,RSE7120,56,204.69000000000003,8426.0,150.46428571428572,4.897401376691195
RSE7194,RSE7125,RSE7092,56,625.8300000000012,8039.0,143.55357142857142,15.694405771862202
RSE7121,RSE7120,RSE7109,55,234.73032404833094,12368.0,224.87272727272727,3.7578108151333707
RSE7144,RSE7385,RSE7060,54,792.4099999999992,13399.0,248.12962962962962,11.49671647137845
RSE7112,RSE7117,RSE7114,54,876.6714503426634,15423.0,285.6111111111111,11.050050570356857
RSE7116,RSE7142,RSE7097,53,454.6899999999997,8331.0,157.18867924528303,10.413498019445438
RSE7120,RSE7120,RSE7109,52,234.21999999999983,8024.0,154.30769230769232,5.464354935194413
RSE7117,RSE7120,RSE7109,51,695.5200000000002,17347.0,340.1372549019608,7.361357698737537
RSE7124,RSE7125,RSE7126,50,866.2200000000006,10814.0,216.28,14.418309598668404
RSE8069,RSE7068,RSE7067,50,1081.9900000000025,4974.0,99.48,39.1552472858867
RSE7385,RSE7385,RSE7385,50,0.0,9004.0,180.08,
RSE7097,RSE7120,RSE7114,49,518.5599999999995,4086.0,83.38775510204081,22.38717180616738
RSE7132,RSE7131,RSE7144,49,519.0,6825.0,139.28571428571428,13.414153846153846
RSE7117,RSE7120,RSE7114,48,775.17,5936.0,123.66666666666667,22.565595687331538
RSE7109,RSE7109,RSE7120,48,233.68999999999997,7022.0,146.29166666666666,5.7507308459128454
RSE7097,RSE7121,RSE7129,47,566.5800000000006,8776.0,186.72340425531914,10.923579762989984
RSE7121,RSE7121,RSE7129,46,312.9699999999998,7131.0,155.02173913043478,7.2679612957509425
RSE7121,RSE7121,RSE7097,46,253.29000000000025,5482.0,119.17391304347827,7.651372491791324
RSE7130,RSE7114,RSE7120,46,513.5900000000001,9863.0,214.41304347826087,8.62318807665011
RSE7131,RSE7132,RSE7130,46,548.0199999999998,5319.0,115.6304347826087,17.06187478849407
RSE7059,RSE7056,RSE7056,46,932.3499999999992,9088.0,197.56521739130434,16.989124119718298
RSE7132,RSE7130,RSE7114,44,539.25,4931.0,112.06818181818181,17.322490367065505
RSE7131,RSE7114,RSE7109,44,340.8404346755147,9036.0,205.36363636363637,5.9748920819612135
RSE7092,RSE7125,RSE7194,44,626.5800000000007,3307.0,75.1590909090909,30.012177804656826
RSE7125,RSE7124,RSE7129,44,336.7690458627239,8445.0,191.9318181818182,6.316662743002423
RSE7056,RSE7059,RSE7109,43,1485.970000000001,7973.0,185.41860465116278,28.85089125799575
RSE7121,RSE7097,RSE7130,43,569.0100000000008,4254.0,98.93023255813954,20.705864598025414
RSE7114,RSE7117,RSE7117,43,0.8214503426639296,6257.0,145.51162790697674,0.020322920416234028
RSE7114,RSE7120,RSE7097,42,519.0800000000004,7349.0,174.97619047619048,10.679670159205342
RSE7109,RSE7109,RSE7109,42,0.0,9112.0,216.95238095238096,
RSE7385,RSE7060,RSE7056,39,562.8097684798572,13839.0,354.84615384615387,5.709841136973188
RSE7132,RSE7130,RSE7129,39,595.1599999999999,7176.0,184.0,11.644434782608693
RSE7059,RSE7109,RSE7114,39,1104.1399999999996,8784.0,225.23076923076923,17.64813934426229
RSE7124,RSE7124,RSE7121,39,262.1299999999999,5695.0,146.02564102564102,6.462344512730462
RSE7059,RSE7059,RSE7060,39,970.2900000000006,7998.0,205.07692307692307,17.032847711927992
RSE7144,RSE7144,RSE7385,38,231.52000000000024,5179.0,136.28947368421052,6.11545394863874
RSE7109,RSE7059,RSE7060,37,1523.700000000002,9030.0,244.05405405405406,22.47584053156149
RSE8069,RSE8069,RSE8069,37,0.0,11501.0,310.8378378378378,
RSE7132,RSE7132,RSE7131,36,208.6400000000001,4997.0,138.80555555555554,5.411195517310389
RSE7385,RSE7144,RSE7131,36,541.8100000000009,3119.0,86.63888888888889,22.51316960564287
RSE7097,RSE7142,RSE7116,36,454.2999999999997,4879.0,135.52777777777777,12.067489239598272
RSE7196,RSE7196,RSE7196,35,0.0,5920.0,169.14285714285714,
RSE7144,RSE7144,RSE7131,35,310.2900000000002,4676.0,133.6,8.361107784431143
RSE7097,RSE7124,RSE7125,34,336.7421157874545,7738.0,227.58823529411765,5.326600539207086
RSE7116,RSE7117,RSE7114,34,212.79145034266412,5301.0,155.91176470588235,4.913350975654045
RSE7385,RSE7385,RSE7109,34,970.7000000000005,7089.0,208.5,16.76028776978418
RSE7097,RSE7114,RSE7131,33,340.7780034565398,4054.0,122.84848484848484,9.986291763847294
RSE7142,RSE7097,RSE7130,33,565.4099999999999,5799.0,175.72727272727272,11.583153647180547
RSE7109,RSE7109,RSE7097,33,0.4791735770476909,4125.0,125.0,0.013800199018973499
RSE7130,RSE7097,RSE7121,33,569.33,4403.0,133.42424242424244,15.361436293436295
RSE7109,RSE7109,RSE7385,33,968.2799999999995,6726.0,203.8181818181818,17.10253702051739
RSE7132,RSE7131,RSE7385,33,209.00187765621442,5795.0,175.6060606060606,4.284628656696856
RSE7131,RSE7114,RSE7130,33,540.3299999999998,4868.0,147.5151515151515,13.18636072308956
RSE7121,RSE7097,RSE7114,33,253.73800345653967,3007.0,91.12121212121212,10.024634123923152
RSE7129,RSE7129,RSE7130,32,256.2299999999998,5249.0,164.03125,5.623489426557435
RSE7097,RSE7130,RSE7132,32,654.2699999999996,5953.0,186.03125,12.661163111036446
RSE7124,RSE7124,RSE7124,32,0.0,4695.0,146.71875,
RSE7401,RSE7068,RSE8069,31,698.97,3756.0,121.16129032258064,20.768118210862625
RSE7132,RSE7132,RSE7130,31,339.3799999999999,4398.0,141.8709677419355,8.611825375170529
RSE7059,RSE7068,RSE8069,31,412.58297172509293,5904.0,190.4516129032258,7.798824465535294
RSE7097,RSE7109,RSE7109,30,0.4791735770476909,5739.0,191.3,0.009017380435816453
RSE7059,RSE7059,RSE7056,30,932.3499999999996,6948.0,231.6,14.492487046632117
RSE7116,RSE7142,RSE7121,29,708.9199999999997,5357.0,184.72413793103448,13.815801381370166
RSE7131,RSE7114,RSE7097,29,340.90800345653963,5527.0,190.58620689655172,6.439441932488283
RSE7109,RSE7059,RSE7068,29,554.092971725093,7074.0,243.93103448275863,8.177453526731652
RSE7114,RSE7130,RSE7130,29,199.86999999999992,9745.0,336.0344827586207,2.1412445356593115
RSE7124,RSE7121,RSE7109,29,262.8622559459972,6243.0,215.27586206896552,4.3957743906394535
RSE7114,RSE7120,RSE7120,28,313.72000000000014,4975.0,177.67857142857142,6.356377085427138
RSE7196,RSE7125,RSE7124,28,337.9927223240853,14938.0,533.5,2.280738145017258
RSE7056,RSE7060,RSE7385,28,562.7997684798576,7242.0,258.64285714285717,7.8335013342681075
RSE7059,RSE7097,RSE7121,28,254.59885025281915,6300.0,225.0,4.073581604045106
RSE7385,RSE7131,RSE7132,28,209.00187765621442,3944.0,140.85714285714286,5.341630138880936
RSE7130,RSE7097,RSE7142,28,565.0199999999994,2910.0,103.92857142857143,19.571826804123692
RSE7060,RSE7068,RSE8069,28,413.03178608658123,7332.0,261.85714285714283,5.678342067311429
RSE7144,RSE7385,RSE7109,27,1202.220000000001,6432.0,238.22222222222223,18.167876865671655
RSE7059,RSE7109,RSE7121,27,554.7722559459975,6773.0,250.85185185185185,7.961592097733789
RSE7097,RSE7120,RSE7117,27,665.7,4756.0,176.14814814814815,13.605138772077376
RSE7117,RSE7116,RSE7116,26,211.96999999999997,3519.0,135.34615384615384,5.63807672634271
RSE7056,RSE7059,RSE7059,26,931.9300000000002,6221.0,239.26923076923077,14.021644108664205
RSE7112,RSE7117,RSE7120,26,1337.1499999999992,11425.0,439.4230769230769,10.954681838074391
RSE7144,RSE7144,RSE7144,26,0.0,3296.0,126.76923076923077,
RSE7130,RSE7129,RSE7129,26,255.77999999999994,3594.0,138.23076923076923,6.661382303839732
RSE7121,RSE7129,RSE7129,25,312.9700000000002,4273.0,170.92,6.591926047273583
RSE7120,RSE7120,RSE7097,24,205.36,3003.0,125.125,5.908459540459541
RSE7126,RSE7125,RSE7092,23,910.5900000000001,4946.0,215.04347826086956,15.244005661140319
RSE7385,RSE7131,RSE7114,23,340.8218776562144,3746.0,162.8695652173913,7.533382666827163
RSE7121,RSE7097,RSE7117,23,253.8117906895189,5818.0,252.95652173913044,3.612171926622923
RSE7131,RSE7132,RSE7132,23,208.63999999999996,4245.0,184.56521739130434,4.069585865724381
RSE7056,RSE7056,RSE7401,23,1.4233285234868907,4455.0,193.69565217391303,0.026453782658746254
RSE7121,RSE7121,RSE7121,23,0.0,3485.0,151.52173913043478,
RSE7068,RSE7068,RSE7068,23,0.0,2996.0,130.2608695652174,
RSE7142,RSE7116,RSE7117,23,416.96999999999997,5013.0,217.95652173913044,6.887116696588868
RSE7116,RSE7116,RSE7142,23,205.0,3054.0,132.7826086956522,5.55795677799607
RSE7117,RSE7120,RSE7097,23,666.66,2660.0,115.65217391304348,20.751672180451127
RSE7132,RSE7131,RSE7109,22,209.2815788269346,4341.0,197.3181818181818,3.8182679205466994
RSE7109,RSE7097,RSE7142,22,249.77917357704783,1833.0,83.31818181818181,10.792422557175227
RSE7121,RSE7109,RSE7059,22,554.1422559459971,6705.0,304.77272727272725,6.545572956140638
RSE7120,RSE7097,RSE7124,21,205.87211578745493,2456.0,116.95238095238095,6.3371058442718216
RSE7125,RSE7194,RSE7125,21,493.5400000000002,9221.0,439.0952380952381,4.046375013556015
RSE7112,RSE7125,RSE7124,21,337.16076379497906,5408.0,257.5238095238095,4.7132680737611725
RSE7060,RSE7059,RSE7109,21,1524.68,3635.0,173.0952380952381,31.709988445667125
RSE7126,RSE7092,RSE7112,21,1.3714534490684323,4178.0,198.95238095238096,0.024816151447959185
RSE7116,RSE7116,RSE7117,21,211.9699999999999,3887.0,185.0952380952381,4.122699253923332
RSE7117,RSE7117,RSE7120,20,461.3,5471.0,273.55,6.0708462803874985
RSE7060,RSE7060,RSE7385,20,560.8799999999999,5186.0,259.3,7.7869957578094855
RSE7114,RSE7130,RSE7132,20,538.4200000000001,2362.0,118.1,16.412464013547844
RSE7130,RSE7130,RSE7129,20,255.78000000000003,4206.0,210.3,4.378544935805992
RSE7117,RSE7097,RSE7121,20,254.13179068951894,2755.0,137.75,6.641556780270549
RSE7125,RSE7124,RSE7120,20,337.10900794363914,4814.0,240.7,5.04192949147113
RSE7114,RSE7097,RSE7121,20,254.05800345653975,3088.0,154.4,5.923632204945227
RSE7131,RSE7109,RSE7059,19,554.0515788269348,6407.0,337.2105263157895,5.914956764751419
RSE7097,RSE7097,RSE7121,19,253.61000000000004,3616.0,190.31578947368422,4.797268805309735
RSE7117,RSE7117,RSE7116,19,211.96999999999989,2320.0,122.10526315789474,6.2494603448275825
RSE7385,RSE7385,RSE7144,19,231.52000000000007,4773.0,251.21052631578948,3.3178227529855446
RSE7130,RSE7132,RSE7131,19,547.1899999999999,2398.0,126.21052631578948,15.607921601334445
RSE7114,RSE7117,RSE7116,19,212.79145034266378,2451.0,129.0,5.938366056074338
RSE7132,RSE7130,RSE7130,19,339.38000000000005,2743.0,144.3684210526316,8.462847976667883
RSE7056,RSE7060,RSE7060,19,1.9197684798576948,5113.0,269.10526315789474,0.025682019171184494
RSE7120,RSE7120,RSE7120,18,0.0,2306.0,128.11111111111111,
RSE7132,RSE7131,RSE7060,18,209.51180953917827,7414.0,411.8888888888889,1.8311795600402954
RSE7067,RSE7067,RSE7056,18,515.42,3845.0,213.61111111111111,8.686402080624188
RSE7112,RSE7092,RSE7125,17,380.540254561093,3685.0,216.76470588235293,6.319962979413539
RSE7129,RSE7130,RSE7132,17,594.78,2239.0,131.7058823529412,16.257497096918264
RSE7109,RSE7109,RSE7114,17,550.1000000000001,5421.0,318.88235294117646,6.210315439955729
RSE7120,RSE7109,RSE7385,17,1202.5,6572.0,386.5882352941176,11.19796104686549
RSE7121,RSE7125,RSE7125,16,0.5988989637335849,3062.0,191.375,0.01126602884097142
RSE7129,RSE7129,RSE7129,16,0.0,2857.0,178.5625,
RSE7120,RSE7120,RSE7117,16,461.01000000000016,2393.0,149.5625,11.096605098203096
RSE7121,RSE7129,RSE7130,16,569.2000000000002,2517.0,157.3125,13.025792610250301
RSE7114,RSE7120,RSE7117,16,774.73,3889.0,243.0625,11.474530213422474
RSE7385,RSE7131,RSE7131,16,0.36187765621443285,2540.0,158.75,0.008206359448012335
RSE7142,RSE7120,RSE7109,15,234.57684443018752,5314.0,354.26666666666665,2.3837315768216274
RSE7056,RSE7056,RSE7060,15,1.9197684798576946,3606.0,240.4,0.028748612843126874
RSE7401,RSE7068,RSE7059,15,287.75297172509346,3088.0,205.86666666666667,5.031949635089069
RSE7121,RSE7125,RSE7126,15,530.5888989637334,3455.0,230.33333333333334,8.292851098130711
RSE7124,RSE7121,RSE7130,15,262.53094356618107,3040.0,202.66666666666666,4.6633786028203215
RSE7056,RSE7385,RSE7144,15,233.5027358210259,5226.0,348.4,2.4127722415490624
RSE7385,RSE7060,RSE7068,15,562.0217860865814,6008.0,400.53333333333336,5.051460793720938
RSE7120,RSE7120,RSE7114,15,313.86999999999995,2091.0,139.4,8.105681492109037
RSE7068,RSE7059,RSE7109,15,554.7229717250933,3282.0,218.8,9.127069004617622
RSE7112,RSE7117,RSE7109,15,876.4055486663023,7022.0,468.1333333333333,6.7396610122444205
RSE7117,RSE7117,RSE7117,15,0.0,2989.0,199.26666666666668,
RSE7109,RSE7114,RSE7131,15,890.4300000000002,2170.0,144.66666666666666,22.15816589861752
RSE7109,RSE7120,RSE7121,15,234.20032404833088,1578.0,105.2,8.0144597583079
RSE7059,RSE7060,RSE7385,14,1531.1699999999998,2998.0,214.14285714285714,25.740816544362907
RSE7124,RSE7120,RSE7109,14,234.98900794363922,3905.0,278.92857142857144,3.0328927017565728
RSE7112,RSE7112,RSE7092,14,0.4602545610930084,2100.0,150.0,0.011046109466232202
RSE7385,RSE7060,RSE7059,14,1531.5299999999993,4308.0,307.7142857142857,17.917621169916426
RSE7125,RSE7126,RSE7126,14,529.9899999999999,3359.0,239.92857142857142,7.952216731169989
RSE7109,RSE7097,RSE7124,14,0.9912893645025687,2208.0,157.71428571428572,0.022627257233210806
RSE7056,RSE7067,RSE7056,14,1028.84,4905.0,350.35714285714283,10.571566972477065
RSE7125,RSE7121,RSE7097,14,253.8888989637335,1980.0,141.42857142857142,6.462626519076854
RSE7109,RSE7097,RSE7097,13,0.4791735770476911,2997.0,230.53846153846155,0.007482590392336317
RSE7117,RSE7114,RSE7130,13,200.69145034266387,1978.0,152.15384615384616,4.748412475246041
RSE7385,RSE7060,RSE7401,13,561.805723280213,5634.0,433.38461538461536,4.666756806800492
RSE7109,RSE7059,RSE7056,13,1485.7599999999998,3703.0,284.84615384615387,18.777631109910878
RSE7117,RSE7109,RSE7059,13,553.9655486663022,4660.0,358.46153846153845,5.563430832099344
RSE7056,RSE7068,RSE8069,13,413.06530701070585,3670.0,282.3076923076923,5.267426803297284
RSE7130,RSE7129,RSE7130,12,512.0100000000001,5045.0,420.4166666666667,4.384307631318137
RSE7125,RSE7124,RSE7109,12,337.3308450678817,3330.0,277.5,4.376183936015763
RSE7142,RSE7121,RSE7124,12,771.9300000000002,2580.0,215.0,12.925339534883724
RSE8069,RSE7068,RSE7059,12,413.51297172509334,1669.0,139.08333333333334,10.703271646808886
RSE7125,RSE7124,RSE7114,12,337.2043626451427,2812.0,234.33333333333334,5.1803799666679105
RSE7120,RSE7097,RSE7142,12,454.6600000000001,616.0,51.333333333333336,31.885246753246758
RSE7124,RSE7129,RSE7130,12,256.6590458627238,1938.0,161.5,5.7211923535963205
RSE7097,RSE7097,RSE7142,12,249.30000000000004,1541.0,128.41666666666666,6.988812459441922
RSE7117,RSE7120,RSE7120,12,461.3000000000001,2769.0,230.75,7.196879739978334
RSE7121,RSE7114,RSE7131,12,340.9595114184384,2177.0,181.41666666666666,6.765939776424686
RSE7144,RSE7131,RSE7117,11,311.39948597269364,2049.0,186.27272727272728,6.018262393615748
RSE7109,RSE7121,RSE7124,11,268.7422559459972,1334.0,121.27272727272727,7.977656173509363
RSE7131,RSE7385,RSE7144,11,231.8818776562144,4469.0,406.27272727272725,2.05471522828062
RSE7124,RSE7125,RSE7196,11,337.8827223240852,2699.0,245.36363636363637,4.957449353106252
RSE7092,RSE7125,RSE7126,11,910.0699999999998,3946.0,358.72727272727275,9.132988342625442
RSE7121,RSE7120,RSE7114,11,314.3803240483308,1047.0,95.18181818181819,11.8906025141489
RSE7097,RSE7130,RSE7129,11,571.5,1329.0,120.81818181818181,17.028893905191875
RSE7056,RSE7056,RSE7059,11,931.9300000000002,2196.0,199.63636363636363,16.80529508196722
RSE7385,RSE7109,RSE7109,11,970.7,2721.0,247.36363636363637,14.127056229327454
RSE7129,RSE7130,RSE7097,11,571.9500000000002,966.0,87.81818181818181,23.44639751552796
RSE7109,RSE7120,RSE7120,11,233.69000000000003,1475.0,134.0909090909091,6.273982372881357
RSE7131,RSE7131,RSE7385,11,0.36187765621443285,2847.0,258.8181818181818,0.005033493216049014
RSE7060,RSE7385,RSE7131,11,561.2418776562145,2429.0,220.8181818181818,9.149929335193946
RSE7124,RSE7121,RSE7124,11,530.1400000000002,2446.0,222.36363636363637,8.582806214227313
RSE7131,RSE7385,RSE7060,11,561.2518776562144,4860.0,441.8181818181818,4.573163447569155
RSE7116,RSE7142,RSE7130,11,205.5204211685341,2925.0,265.90909090909093,2.7824303173586156
RSE7121,RSE7097,RSE7142,11,502.59000000000015,3198.0,290.72727272727275,6.223440900562854
RSE7131,RSE7144,RSE7385,11,541.8800000000001,2513.0,228.45454545454547,8.538976522085159
RSE7194,RSE7194,RSE7125,11,247.04,5312.0,482.90909090909093,1.8416385542168674
RSE7142,RSE7097,RSE7121,10,503.3,1470.0,147.0,12.325714285714287
RSE7059,RSE7068,RSE7401,10,290.1829717250934,1424.0,142.4,7.336086363836632
RSE7056,RSE7067,RSE7067,10,513.42,4209.0,420.9,4.391332858161084
RSE7130,RSE7097,RSE7097,10,315.7200000000001,1304.0,130.4,8.716196319018406
RSE7130,RSE7097,RSE7120,10,520.41,3066.0,306.6,6.110489236790606
RSE7130,RSE7129,RSE7121,10,568.75,1637.0,163.7,12.507635919364693
RSE7194,RSE7125,RSE7121,10,247.63889896373354,1674.0,167.4,5.325567719650184
RSE7112,RSE7112,RSE7112,10,0.0,3601.0,360.1,
RSE7124,RSE7121,RSE7114,10,262.7595114184384,1472.0,147.2,6.4261837031683315
RSE7142,RSE7109,RSE7059,10,553.9508031442463,4105.0,410.5,4.858033839998262
RSE7130,RSE7130,RSE7097,10,315.7200000000001,1604.0,160.4,7.085985037406485
RSE7060,RSE7060,RSE7056,10,1.9197684798576948,2664.0,266.4,0.025942817295374256
RSE7142,RSE7121,RSE7129,10,816.8900000000002,1511.0,151.1,19.462634017207154
RSE7129,RSE7114,RSE7131,10,340.84567963899224,2454.0,245.4,5.000181119398419
RSE7124,RSE7125,RSE7124,9,672.5699999999999,1843.0,204.77777777777777,11.823802495930547
RSE7125,RSE7194,RSE7194,9,246.5,3632.0,403.55555555555554,2.198953744493392
RSE7060,RSE7056,RSE7067,9,515.3397684798578,2041.0,226.77777777777777,8.18079789257589
RSE7059,RSE7109,RSE7385,9,1522.32,2424.0,269.3333333333333,20.347841584158417
RSE7114,RSE7120,RSE7121,9,314.23032404833083,2066.0,229.55555555555554,4.927910212568209
RSE7059,RSE7060,RSE7060,9,970.2900000000001,2042.0,226.88888888888889,15.395394711067583
RSE7059,RSE7385,RSE7144,9,232.63480842544237,2551.0,283.44444444444446,2.9546718122243565
RSE7126,RSE7124,RSE7121,9,262.88625302769753,1590.0,176.66666666666666,5.356927420187045
RSE7097,RSE7097,RSE7097,9,0.0,1525.0,169.44444444444446,
RSE7129,RSE7130,RSE7129,9,512.0100000000001,2437.0,270.77777777777777,6.807190808370949
RSE7131,RSE7132,RSE7129,9,209.0606621551673,1738.0,193.11111111111111,3.8973334026624973
RSE7117,RSE7131,RSE7144,9,311.4694859726937,2456.0,272.8888888888889,4.108962274232604
RSE7114,RSE7131,RSE7385,9,340.6918776562144,3088.0,343.1111111111111,3.5746168510561356
RSE7129,RSE7114,RSE7109,9,0.8961143145074194,2046.0,227.33333333333334,0.01419066656404711
RSE7097,RSE7124,RSE7124,9,0.5121157874548775,999.0,111.0,0.016609160674212243
RSE7120,RSE7121,RSE7124,9,268.52032404833085,951.0,105.66666666666667,9.148326497545657
RSE7116,RSE7116,RSE7116,8,0.0,1435.0,179.375,
RSE7059,RSE7109,RSE7117,8,554.5955486663021,1449.0,181.125,11.02301711634886
RSE7144,RSE7114,RSE7117,8,1.419753145201186,1497.0,187.125,0.027313888164191155
RSE7116,RSE7114,RSE7131,8,341.1827505498514,1946.0,243.25,5.049364448014244
RSE7097,RSE7125,RSE7194,8,247.3373929845166,1945.0,243.125,3.6623737367373157
RSE7142,RSE7116,RSE7116,8,205.0,2611.0,326.375,2.2612026043661433
RSE7067,RSE7068,RSE7068,8,676.16,1529.0,191.125,12.736041857423153
RSE7129,RSE7121,RSE7097,8,566.2600000000001,2329.0,291.125,7.0022705023615295
RSE7121,RSE7097,RSE7121,8,506.90000000000003,949.0,118.625,15.383266596417283
RSE7130,RSE7130,RSE7130,8,0.0,979.0,122.375,
RSE7144,RSE7131,RSE7385,8,310.6518776562144,1255.0,156.875,7.12890364661273
RSE7097,RSE7130,RSE7114,8,515.59,899.0,112.375,16.517232480533927
RSE7120,RSE7097,RSE7097,8,205.36000000000007,840.0,105.0,7.040914285714289
RSE7121,RSE7121,RSE7124,8,268.01,1629.0,203.625,4.7382983425414364
RSE7116,RSE7117,RSE7120,8,673.2700000000001,2774.0,346.75,6.989969718817593
RSE7194,RSE7124,RSE7121,8,262.72497233134663,1017.0,127.125,7.4399992164629145
RSE7067,RSE7068,RSE7401,7,965.66,1570.0,224.28571428571428,15.499765605095542
RSE7116,RSE7142,RSE7124,7,205.54085729602315,1796.0,256.57142857142856,2.883980848474267
RSE7120,RSE7109,RSE7120,7,467.90999999999997,2123.0,303.2857142857143,5.554089495996232
RSE7144,RSE7131,RSE7130,7,310.7137636251479,1338.0,191.14285714285714,5.8520081041507686
RSE8069,RSE8069,RSE7067,7,0.9454519129198041,1214.0,173.42857142857142,0.019625525704760352
RSE7129,RSE7129,RSE7121,7,312.96999999999997,1221.0,174.42857142857142,6.459331695331695
RSE7144,RSE7131,RSE7120,7,310.8959008677327,1440.0,205.71428571428572,5.440678265185322
RSE7097,RSE7130,RSE7131,7,316.14376362514804,1665.0,237.85714285714286,4.784878584596835
RSE7067,RSE8069,RSE8069,7,0.9454519129198041,1778.0,254.0,0.013400105852406674
RSE7385,RSE7109,RSE7117,7,971.2555486663023,3990.0,570.0,6.134245570524015
RSE8069,RSE7068,RSE7068,7,412.83,694.0,99.14285714285714,14.990368876080693
RSE7067,RSE7067,RSE7401,7,0.9095938584530778,778.0,111.14285714285714,0.029462423178685818
RSE7125,RSE7124,RSE7125,7,672.5699999999999,1512.0,216.0,11.209499999999998
RSE7385,RSE7060,RSE7060,7,560.89,2501.0,357.2857142857143,5.651510595761695
RSE7112,RSE7125,RSE7125,7,0.8207637949789318,1811.0,258.7142857142857,0.011420898748464428
RSE7131,RSE7131,RSE7117,7,1.109485972693619,1380.0,197.14285714285714,0.02026017863179652
RSE7117,RSE7131,RSE7132,7,209.74948597269355,1264.0,180.57142857142858,4.181714435531548
RSE7126,RSE7194,RSE7125,7,247.54609161021742,3950.0,564.2857142857143,1.579281394576577
RSE7131,RSE7131,RSE7130,7,0.42376362514796984,1153.0,164.71428571428572,0.009261789552236636
RSE7142,RSE7130,RSE7132,6,339.07042116853415,1474.0,245.66666666666666,4.968738871940528
RSE7129,RSE7121,RSE7121,6,312.97,1806.0,301.0,3.7431627906976748
RSE7059,RSE7109,RSE7059,6,1107.4499999999998,1728.0,288.0,13.843124999999999
RSE7056,RSE7067,RSE7059,6,1392.01,1522.0,253.66666666666666,19.75520105124836
RSE7112,RSE7125,RSE7194,6,247.32076379497894,1010.0,168.33333333333334,5.28923613660549
RSE7114,RSE7130,RSE7097,6,515.5900000000001,2067.0,344.5,5.387878084179972
RSE7068,RSE7059,RSE7059,6,0.6829717250933792,1044.0,174.0,0.014130449484690605
RSE7117,RSE7131,RSE7131,6,1.109485972693619,1003.0,167.16666666666666,0.02389321735810785
RSE7130,RSE7131,RSE7144,6,310.78376362514797,1148.0,191.33333333333334,5.847499385281529
RSE7196,RSE7194,RSE7126,6,1.9355662199176609,4335.0,722.5,0.00964434379474544
RSE7124,RSE7109,RSE7059,6,554.4008450678815,2011.0,335.1666666666667,5.954777848566008
RSE7124,RSE7129,RSE7129,6,0.42904586272379525,1178.0,196.33333333333334,0.007867054868280116
RSE7129,RSE7130,RSE7131,6,256.65376362514803,696.0,116.0,7.965116802159766
RSE7131,RSE7114,RSE7131,6,680.79,1555.0,259.1666666666667,9.456632797427652
RSE7196,RSE7194,RSE7124,6,2.0244469410468593,2936.0,489.3333333333333,0.014893751337401964
RSE7125,RSE7124,RSE7130,6,336.9494933648194,1635.0,272.5,4.451442848122385
RSE7131,RSE7144,RSE7131,6,620.6500000000001,1421.0,236.83333333333334,9.434229415904294
RSE7117,RSE7097,RSE7130,6,316.24179068951895,1131.0,188.5,6.039631015821051
RSE7121,RSE7130,RSE7129,5,256.18094356618104,962.0,192.4,4.793406428473243
RSE7097,RSE7130,RSE7130,5,315.72,1435.0,287.0,3.96025087108014
RSE7121,RSE7120,RSE7059,5,1.246986110312675,2067.0,413.4,0.010859095300255516
RSE7112,RSE7126,RSE7126,5,1.3686456675371148,1510.0,302.0,0.016314981467329844
RSE7144,RSE7114,RSE7120,5,314.31830280253723,677.0,135.4,8.357059749550473
RSE7132,RSE7130,RSE7142,5,339.9004211685341,858.0,171.6,7.130778066472743
RSE7117,RSE7117,RSE7109,5,0.5555486663021932,1511.0,302.2,0.006618051617100913
RSE7124,RSE7097,RSE7097,5,0.5121157874548775,744.0,148.8,0.012389898083585746
RSE7092,RSE7124,RSE7121,5,262.6398425554868,1149.0,229.8,4.114462285464545
RSE7056,RSE7056,RSE7068,5,1.1653070107060992,1173.0,234.6,0.01788194901339283
RSE7131,RSE7114,RSE7116,5,341.3127505498514,1317.0,263.4,4.664866750111865
RSE7117,RSE7121,RSE7124,5,268.6932140469794,1126.0,225.2,4.295273403948161
RSE7112,RSE7116,RSE7142,5,205.52666082117972,1620.0,324.0,2.283629564679775
RSE7097,RSE7142,RSE7117,5,249.65860594961555,1900.0,380.0,2.365186793206884
RSE7120,RSE7097,RSE7125,5,206.19739298451668,1380.0,276.0,2.689531212841522
RSE7129,RSE7130,RSE7109,5,256.7818924543931,1166.0,233.2,3.964042936688744
RSE7059,RSE7109,RSE7142,5,554.5808031442463,899.0,179.8,11.1039537893175
RSE7124,RSE7097,RSE7109,5,0.9912893645025687,1082.0,216.4,0.016490950610948463
RSE7130,RSE7130,RSE7132,5,338.55,2125.0,425.0,2.8677176470588237
RSE7121,RSE7130,RSE7114,5,200.27094356618105,1398.0,279.6,2.5785958399079103
RSE7121,RSE7125,RSE7092,5,379.3888989637336,760.0,152.0,8.985526554404217
RSE7121,RSE7130,RSE7132,5,338.950943566181,1625.0,325.0,3.754533528733082
RSE7117,RSE7142,RSE7097,5,250.04860594961548,982.0,196.4,4.583375669137555
RSE7060,RSE7060,RSE7060,5,0.0,652.0,130.4,
RSE7121,RSE7120,RSE7120,5,0.5103240483308604,912.0,182.4,0.010072185164424877
RSE7124,RSE7114,RSE7131,5,341.19436264514263,1187.0,237.4,5.173966746093148
RSE7109,RSE7385,RSE7385,5,968.28,2001.0,400.2,8.71016491754123
RSE7059,RSE7121,RSE7125,5,1.8419300112213908,1635.0,327.0,0.02027812856390522
RSE7117,RSE7109,RSE7109,5,0.5555486663021932,1932.0,386.4,0.00517591925126267
RSE7401,RSE7067,RSE7067,4,0.9095938584530779,475.0,118.75,0.02757505591941963
RSE7131,RSE7385,RSE7385,4,0.36187765621443296,1312.0,328.0,0.003971827934060849
RSE7120,RSE7109,RSE7117,4,234.7755486663022,1678.0,419.5,2.0147603699611154
RSE7112,RSE7112,RSE7126,4,1.3686456675371148,867.0,216.75,0.022731831156325783
RSE7142,RSE7120,RSE7114,4,314.2268444301875,901.0,225.25,5.022049455931964
RSE7142,RSE7125,RSE7194,4,247.30258067506028,1205.0,301.25,2.955317146656322
RSE7385,RSE7114,RSE7130,4,200.49409691788557,931.0,232.75,3.101090220856662
RSE7194,RSE7125,RSE7109,4,248.35156668274198,1977.0,494.25,1.8089340213613985
RSE7060,RSE7385,RSE7385,4,560.88,1176.0,294.0,6.867918367346939
RSE7114,RSE7097,RSE7142,4,249.74800345653983,698.0,174.5,5.1523943406506785
RSE7109,RSE7109,RSE7121,4,0.732255945997135,1420.0,355.0,0.007425694100252637
RSE7109,RSE7059,RSE8069,4,554.5627391121499,1672.0,418.0,4.776138422975453
RSE7114,RSE7109,RSE7109,4,0.3804346755151741,2864.0,716.0,0.0019128000444897026
RSE7067,RSE7067,RSE7068,4,676.16,498.0,124.5,19.551614457831327
RSE7059,RSE7059,RSE7068,4,0.6829717250933792,393.0,98.25,0.02502491817136046
RSE7116,RSE7142,RSE7129,4,205.57881651326454,610.0,152.5,4.853008127526245
RSE7129,RSE7130,RSE7120,4,256.60631096624707,981.0,245.25,3.7666981426238104
RSE7125,RSE7121,RSE7120,4,1.109223012064445,908.0,227.0,0.017591201953444945
RSE7120,RSE7114,RSE7120,4,627.5900000000001,825.0,206.25,10.954298181818185
RSE7129,RSE7130,RSE7117,4,257.04667885219857,889.0,222.25,4.16363574293775
RSE7117,RSE7114,RSE7132,4,1.2148624504255152,793.0,198.25,0.022060553954763456
RSE7109,RSE7059,RSE7401,4,554.1852583081894,1812.0,453.0,4.404121258078327
RSE7121,RSE7121,RSE7120,4,0.5103240483308604,670.0,167.5,0.01096815865069312
RSE7060,RSE7059,RSE7060,4,1940.93,1625.0,406.25,17.199625846153847
RSE7130,RSE7109,RSE7059,4,553.961892454393,1580.0,395.0,5.048766614774215
RSE7142,RSE7120,RSE7120,4,0.35684443018754997,1017.0,254.25,0.005052664498230796
RSE7112,RSE7112,RSE7117,4,875.85,2642.0,660.5,4.773747161241484
RSE7068,RSE7068,RSE7059,4,0.6829717250933792,720.0,180.0,0.013659434501867584
RSE7385,RSE7385,RSE7131,4,0.36187765621443296,555.0,138.75,0.009389258107185288
RSE7056,RSE7059,RSE7097,4,932.9188502528191,1107.0,276.75,12.135529759386266
RSE7120,RSE7121,RSE7125,4,1.109223012064445,1205.0,301.25,0.013255445123425734
RSE7109,RSE7121,RSE7129,3,313.70225594599714,648.0,216.0,5.228370932433285
RSE7132,RSE7131,RSE7117,3,209.7494859726936,761.0,253.66666666666666,2.9767338350921038
RSE7112,RSE7116,RSE7117,3,212.49666082117972,1248.0,416.0,1.8389134109525167
RSE7125,RSE7126,RSE7194,3,530.4960916102175,2084.0,694.6666666666666,2.7492119910702253
RSE7401,RSE7068,RSE7401,3,576.5699999999999,561.0,187.0,11.099743315508022
RSE7142,RSE7117,RSE7117,3,0.3586059496154849,1004.0,334.6666666666667,0.003857514199051033
RSE7109,RSE7120,RSE7117,3,694.7000000000002,1150.0,383.3333333333333,6.524139130434785
RSE7130,RSE7114,RSE7059,3,200.68807953703904,1404.0,468.0,1.5437544579772235
RSE7131,RSE7120,RSE7120,3,0.6059008677327347,425.0,141.66666666666666,0.015397010285914198
RSE7117,RSE7120,RSE7121,3,461.81032404833087,428.0,142.66666666666666,11.65315770963078
RSE7121,RSE7097,RSE7059,3,254.27885025281918,1129.0,376.3333333333333,2.4324283283706354
RSE7194,RSE7126,RSE7126,3,0.5060916102174051,1071.0,357.0,0.005103444808915009
RSE7092,RSE7194,RSE7196,3,1.885357379678129,1242.0,414.0,0.016394411997201125
RSE7130,RSE7131,RSE7131,3,0.4237636251479698,580.0,193.33333333333334,0.007890770951031162
RSE7120,RSE7109,RSE7060,3,235.32097841546008,1566.0,522.0,1.622903299416966
RSE7131,RSE7120,RSE7097,3,205.96590086773276,709.0,236.33333333333334,3.137421339028933
RSE7120,RSE7097,RSE7129,3,205.76665004294125,623.0,207.66666666666666,3.5670623121408758
RSE7131,RSE7114,RSE7059,3,341.27807953703905,1073.0,357.6666666666667,3.435044975768893
RSE7131,RSE7120,RSE7109,3,234.8259008677327,920.0,306.6666666666667,2.7566518797516446
RSE7125,RSE7092,RSE7112,3,379.250254561093,882.0,294.0,4.643880668095016
RSE7109,RSE7120,RSE7142,3,234.04684443018755,274.0,91.33333333333333,9.22520408702929
RSE7385,RSE7131,RSE7117,3,1.471363628908052,552.0,184.0,0.028787549261244497
RSE7067,RSE7401,RSE7401,3,0.9095938584530779,325.0,108.33333333333333,0.030226503603979205
RSE7112,RSE7116,RSE7116,3,0.5266608211797268,1082.0,360.6666666666667,0.005256873261313354
RSE8069,RSE7068,RSE7056,3,413.9953070107061,490.0,163.33333333333334,9.124794521868624
RSE7125,RSE7126,RSE7125,3,1061.79,2195.0,731.6666666666666,5.224297038724374
RSE7112,RSE7117,RSE7059,3,876.7127903524516,2015.0,671.6666666666666,4.699006519010659
RSE7142,RSE7130,RSE7129,3,256.30042116853417,533.0,177.66666666666666,5.1933293595125125
RSE7130,RSE7120,RSE7109,3,234.59631096624705,844.0,281.3333333333333,3.0019433156818343
RSE7097,RSE7097,RSE7124,3,0.5121157874548775,453.0,151.0,0.012209383012169266
RSE7132,RSE7129,RSE7130,3,256.6506621551673,516.0,172.0,5.371758045108153
RSE7060,RSE7060,RSE7059,3,970.64,550.0,183.33333333333334,19.059839999999998
RSE7144,RSE7131,RSE7144,3,620.6500000000001,794.0,264.6666666666667,8.442090680100756
RSE7059,RSE7120,RSE7114,3,314.6066620619818,543.0,181.0,6.257370074160964
RSE7117,RSE7124,RSE7125,3,337.107608373347,1112.0,370.6666666666667,3.2740667000289094
RSE7130,RSE7129,RSE7097,3,256.1866500429412,730.0,243.33333333333334,3.790158658169541
RSE7059,RSE7097,RSE7125,3,1.8262432373358168,1485.0,495.0,0.013281768998805942
RSE7112,RSE7114,RSE7131,3,341.69483403188354,1060.0,353.3333333333333,3.481419063721078
RSE7131,RSE7130,RSE7129,3,256.203763625148,479.0,159.66666666666666,5.776619305118159
RSE7144,RSE7131,RSE7109,3,310.93157882693464,622.0,207.33333333333334,5.398811979631662
RSE7056,RSE7059,RSE7060,3,1902.22,1038.0,346.0,19.791884393063587
RSE7109,RSE7120,RSE7130,3,234.06631096624702,516.0,172.0,4.899062322549357
RSE7059,RSE7120,RSE7097,3,206.09666206198185,426.0,142.0,5.224985798754469
RSE7131,RSE7131,RSE7120,3,0.6059008677327347,601.0,200.33333333333334,0.010888068837792904
RSE7109,RSE7097,RSE7129,3,0.8858236199889017,913.0,304.3333333333333,0.010478526939627754
RSE7401,RSE7056,RSE7056,3,1.4233285234868907,433.0,144.33333333333334,0.03550103476595478
RSE7142,RSE7097,RSE7132,3,250.34656668057872,858.0,286.0,3.1512155246506413
RSE7129,RSE7124,RSE7125,3,336.6590458627238,1057.0,352.3333333333333,3.439846447793205
RSE7121,RSE7121,RSE7125,3,0.5988989637335848,1556.0,518.6666666666666,0.004156882267559586
RSE7125,RSE7092,RSE7125,3,758.87,254.0,84.66666666666667,32.266913385826776
RSE7109,RSE7109,RSE7060,3,1.1009784154600883,912.0,304.0,0.013037902288343152
RSE7059,RSE7059,RSE7385,3,1.1148084254423707,1124.0,374.6666666666667,0.010711682379695378
RSE7116,RSE7142,RSE7114,3,205.6246162734766,853.0,284.3333333333333,2.6034535237439007
RSE7116,RSE7117,RSE7116,3,423.94,345.0,115.0,13.271165217391305
RSE7067,RSE7056,RSE7112,3,516.7363520621857,1613.0,537.6666666666666,3.459859021867084
RSE7097,RSE7109,RSE7060,3,1.5801519925077796,1415.0,471.6666666666667,0.012060524041755491
RSE7059,RSE7109,RSE7130,3,554.591892454393,763.0,254.33333333333334,7.850055620586427
RSE7092,RSE7116,RSE7117,3,212.56828541230655,1145.0,381.6666666666667,2.0050109017055986
RSE7126,RSE7194,RSE7196,3,1.9355662199176606,840.0,280.0,0.024885851398941353
RSE7126,RSE7125,RSE7121,3,532.3988989637335,452.0,150.66666666666666,12.721035638956465
RSE7109,RSE7109,RSE7117,3,0.5555486663021932,739.0,246.33333333333334,0.008118979155701877
RSE7144,RSE7385,RSE7144,3,463.04,1060.0,353.3333333333333,4.717766037735849
RSE7117,RSE7142,RSE7121,3,504.2786059496155,507.0,169.0,10.7420294758498
RSE7109,RSE7068,RSE7401,3,290.6941855525441,843.0,281.0,3.7241959714916684
RSE7068,RSE7067,RSE7401,3,670.069593858453,309.0,103.0,23.419908134858552
RSE7109,RSE7130,RSE7129,3,256.3318924543931,680.0,226.66666666666666,4.071153586040361
RSE7117,RSE7116,RSE7117,3,423.94,271.0,90.33333333333333,16.895025830258305
RSE7142,RSE7114,RSE7131,3,340.95461627347663,942.0,314.0,3.90903381714814
RSE7097,RSE7142,RSE7109,3,249.84080314424634,1108.0,369.3333333333333,2.4352713663879606
RSE7116,RSE7142,RSE7125,3,205.80258067506028,1005.0,335.0,2.2116098221797524
RSE7132,RSE7132,RSE7132,3,0.0,485.0,161.66666666666666,
RSE7067,RSE7067,RSE7067,2,0.0,1276.0,638.0,
RSE7116,RSE7121,RSE7129,2,313.49008532010225,332.0,166.0,6.798580163568483
RSE7131,RSE7060,RSE7059,2,971.5118095391783,1007.0,503.5,6.946261200280123
RSE7124,RSE7194,RSE7196,2,2.0244469410468593,294.0,147.0,0.04957829243380064
RSE8069,RSE7067,RSE7067,2,0.9454519129198042,366.0,183.0,0.018599054024651885
RSE7060,RSE7131,RSE7132,2,209.5118095391784,413.0,206.5,3.6525061227169116
RSE7109,RSE7117,RSE7117,2,0.5555486663021932,290.0,145.0,0.013792932404744107
RSE7059,RSE7067,RSE7056,2,516.0792458308258,1296.0,648.0,2.8671069212823657
RSE7125,RSE7120,RSE7109,2,235.3147062068235,621.0,310.5,2.728286448774765
RSE7142,RSE7130,RSE7114,2,200.39042116853415,477.0,238.5,3.0247610742420252
RSE7116,RSE7117,RSE7059,2,212.83279035245167,1256.0,628.0,1.2200605816382581
RSE7144,RSE7385,RSE7056,2,233.50273582102588,838.0,419.0,2.0062287564575016
RSE7056,RSE7056,RSE8069,2,1.480368268625695,700.0,350.0,0.015226645048721435
RSE7129,RSE7097,RSE7121,2,254.01665004294122,403.0,201.5,4.538262730295725
RSE7125,RSE7109,RSE7059,2,554.7215666827419,686.0,343.0,5.82215055410458
RSE7067,RSE7068,RSE7059,2,676.8429717250933,124.0,62.0,39.30055964855381
RSE7117,RSE7117,RSE7097,2,0.5217906895189575,436.0,218.0,0.008616726982881866
RSE7109,RSE7109,RSE7144,2,0.9379776525788786,508.0,254.0,0.01329417145387387
RSE7121,RSE7097,RSE7132,2,253.94656668057874,452.0,226.0,4.045166548894175
RSE7130,RSE7114,RSE7130,2,399.74,576.0,288.0,4.9967500000000005
RSE7114,RSE7114,RSE7120,2,313.72,1367.0,683.5,1.652365764447696
RSE7112,RSE7194,RSE7196,2,2.3193483041756133,472.0,236.0,0.035379889385729696
RSE7059,RSE7068,RSE7068,2,0.6829717250933792,293.0,146.5,0.01678292293744823
RSE7194,RSE7125,RSE7097,2,247.87739298451663,530.0,265.0,3.367390999034943
RSE7124,RSE7121,RSE7131,2,262.9547045177455,490.0,245.0,3.8638242296485052
RSE7112,RSE7117,RSE7117,2,875.85,515.0,257.5,12.244893203883496
RSE7125,RSE7092,RSE7116,2,379.38828541230663,536.0,268.0,5.096260550314566
RSE7097,RSE7142,RSE7120,2,249.65684443018756,422.0,211.0,4.259548056628793
RSE7129,RSE7124,RSE7124,2,0.42904586272379525,328.0,164.0,0.009418079913449165
RSE7117,RSE7097,RSE7124,2,1.033906476973835,1596.0,798.0,0.004664239745746625
RSE7120,RSE7131,RSE7131,2,0.6059008677327347,280.0,140.0,0.015580308027413175
RSE7114,RSE7117,RSE7112,2,1.5139567630848458,787.0,393.5,0.013850684490738108
RSE7117,RSE7121,RSE7129,2,313.6532140469795,437.0,218.5,5.1677417417351315
RSE7125,RSE7126,RSE7092,2,530.9011988879754,512.0,256.0,7.465798109362154
RSE7109,RSE7120,RSE7109,2,467.90999999999997,430.0,215.0,7.834772093023255
RSE7109,RSE7056,RSE7056,2,1.1252623856616308,1532.0,766.0,0.005288439410420197
RSE7125,RSE7092,RSE7092,2,378.79,1622.0,811.0,1.681435265104809
RSE7130,RSE7097,RSE7124,2,316.23211578745486,213.0,106.5,10.689536308308334
RSE7385,RSE7120,RSE7097,2,206.29421682041752,425.0,212.5,3.494866732016485
RSE7097,RSE7121,RSE7097,2,506.9,345.0,172.5,10.578782608695652
RSE7117,RSE7120,RSE7130,2,461.67631096624706,298.0,149.0,11.154595432741539
RSE7109,RSE7120,RSE7131,2,234.29590086773274,326.0,163.0,5.174633393397778
RSE7132,RSE7130,RSE7117,2,340.19667885219854,425.0,212.5,5.763331971143129
RSE7129,RSE7131,RSE7144,2,310.96627139648217,712.0,356.0,3.1446027444588083
RSE7097,RSE7131,RSE7144,2,311.0597743868653,423.0,211.5,5.294634457648771
RSE7132,RSE7130,RSE7121,2,339.780943566181,230.0,115.0,10.636620842071753
RSE7116,RSE7116,RSE7120,2,0.5548945398740797,854.0,427.0,0.004678267783481702
RSE7097,RSE7109,RSE7068,2,1.6733591295918364,917.0,458.5,0.013138697636926088
RSE7059,RSE7059,RSE7067,2,0.6592458308258985,1294.0,647.0,0.003668137544008091
RSE7121,RSE7130,RSE7131,2,0.8247071913290065,409.0,204.5,0.014518072805791801
RSE7124,RSE7114,RSE7120,2,314.58436264514273,949.0,474.5,2.3867306754952873
RSE7401,RSE7068,RSE7060,2,288.2017860865814,630.0,315.0,3.293734698132359
RSE7130,RSE7129,RSE7124,2,256.20904586272377,418.0,209.0,4.413170167970362
RSE7120,RSE7109,RSE7056,2,235.34526238566164,1046.0,523.0,1.6199673892703288
RSE7125,RSE7097,RSE7120,2,205.52739298451664,503.0,251.5,2.9419428021640552
RSE7109,RSE7097,RSE7125,2,1.3165665615643347,473.0,236.5,0.020040759499499388
RSE7097,RSE7125,RSE7125,2,0.8373929845166436,432.0,216.0,0.01395654974194406
RSE7092,RSE7126,RSE7194,2,1.417290498192829,830.0,415.0,0.012294568177094421
RSE7097,RSE7142,RSE7121,2,753.22,311.0,155.5,17.43789067524116
RSE7132,RSE7129,RSE7129,2,0.4206621551672922,254.0,127.0,0.01192428156379726
RSE7116,RSE7120,RSE7109,2,234.77489453987408,906.0,453.0,1.8657607513102576
RSE7068,RSE7059,RSE7060,2,970.9729717250933,444.0,222.0,15.745507649596107
RSE7121,RSE7121,RSE7114,2,0.6295114184383954,307.0,153.5,0.014763785709304386
RSE7130,RSE7097,RSE7109,2,316.19917357704776,335.0,167.5,6.795922536581325
RSE7120,RSE7120,RSE7121,2,0.5103240483308604,327.0,163.5,0.011236492807285
RSE7385,RSE7385,RSE7059,2,1.1148084254423707,637.0,318.5,0.0126006603817662
RSE7097,RSE7120,RSE7059,2,205.4266620619818,751.0,375.5,1.9694699958006243
RSE7109,RSE7121,RSE7125,2,1.3311549097307198,415.0,207.5,0.02309473578327996
RSE7130,RSE7142,RSE7121,2,504.44042116853416,1268.0,634.0,2.864330467203033
RSE7129,RSE7121,RSE7120,2,313.4803240483309,405.0,202.5,5.5729835386369935
RSE7109,RSE7385,RSE7109,2,1938.98,1565.0,782.5,8.92054696485623
RSE7097,RSE7121,RSE7120,2,254.12032404833087,2102.0,1051.0,0.8704406913168327
RSE7132,RSE7131,RSE7120,2,209.24590086773273,431.0,215.5,3.4955231699482034
RSE7114,RSE7131,RSE7114,2,680.79,1525.0,762.5,3.214221639344262
RSE7132,RSE7114,RSE7117,2,1.2148624504255152,369.0,184.5,0.023704633179034443
RSE7068,RSE7067,RSE7067,2,669.16,519.0,259.5,9.28314450867052
RSE7112,RSE7120,RSE7109,2,235.2989846999135,1146.0,573.0,1.478318228481132
RSE7117,RSE7114,RSE7144,2,1.4197531452011858,611.0,305.5,0.01673031529533312
RSE7144,RSE7385,RSE7059,2,232.6348084254424,573.0,286.5,2.9231598964453496
RSE7142,RSE7109,RSE7109,2,0.5408031442463191,365.0,182.5,0.010667897639927391
RSE7092,RSE7112,RSE7112,2,0.46025456109300833,948.0,474.0,0.003495604261465886
RSE7067,RSE7059,RSE7109,2,1432.63,553.0,276.5,18.652687160940328
RSE7144,RSE7144,RSE7060,2,0.8034261623424814,484.0,242.0,0.01195179415054931
RSE7056,RSE7056,RSE7385,2,1.982735821025856,525.0,262.5,0.027191805545497456
RSE7129,RSE7097,RSE7142,2,249.70665004294122,375.0,187.5,4.794367680824472
RSE7131,RSE7114,RSE7385,2,1363.46,578.0,289.0,16.984276816608997
RSE7124,RSE7130,RSE7132,2,339.15949336481947,786.0,393.0,3.106804519372392
RSE7121,RSE7194,RSE7196,2,2.2624385299310985,667.0,333.5,0.0244221250607255
RSE7124,RSE7130,RSE7131,2,1.033256989967404,1020.0,510.0,0.007293578752711087
RSE7114,RSE7120,RSE7059,2,314.4566620619819,1392.0,696.0,1.626499976182665
RSE7401,RSE8069,RSE8069,2,0.5350689708911192,1277.0,638.5,0.0030168336651652766
RSE7056,RSE7109,RSE7109,2,1.1252623856616308,466.0,233.0,0.017386028276317043
RSE7117,RSE7116,RSE7121,2,212.4900853201022,338.0,169.0,4.526416018653064
RSE7142,RSE7097,RSE7114,2,250.1380034565398,988.0,494.0,1.8228680413836909
RSE7131,RSE7060,RSE7401,2,1.7875328193914986,1610.0,805.0,0.007993935589825335
RSE7194,RSE7125,RSE7120,2,248.1347062068235,534.0,267.0,3.34563648818189
RSE7125,RSE7120,RSE7059,2,1.8313682688053288,1109.0,554.5,0.01188985711036823
RSE7109,RSE7068,RSE8069,2,413.0941855525441,944.0,472.0,3.150718364383811
RSE7125,RSE7194,RSE7092,2,246.95588276997785,1527.0,763.5,1.1644285238663004
RSE7097,RSE7121,RSE7194,2,254.44296392023085,464.0,232.0,3.948252888417375
RSE7117,RSE7125,RSE7194,2,247.57722015985578,653.0,326.5,2.7297947705221466
RSE7132,RSE7142,RSE7116,2,205.85931704524424,354.0,177.0,4.186969160242255
RSE7116,RSE7117,RSE7109,2,212.52554866630217,569.0,284.5,2.6892512309268466
RSE7194,RSE7125,RSE7142,2,247.84258067506025,913.0,456.5,1.9545088508876602
RSE7131,RSE7131,RSE7109,2,0.6415788269346343,496.0,248.0,0.009313241036147918
RSE7112,RSE7116,RSE7114,2,1.3794113710311513,724.0,362.0,0.013717903137326367
RSE7385,RSE7056,RSE7056,2,1.982735821025856,1122.0,561.0,0.012723438423695332
RSE7196,RSE7194,RSE7121,2,2.2624385299310985,1162.0,581.0,0.01401855199268839
RSE8069,RSE8069,RSE7401,2,0.5350689708911192,346.0,173.0,0.011134383209294964
RSE8069,RSE7067,RSE7401,2,1.8550457713728823,296.0,148.0,0.04512273497934038
RSE7131,RSE7056,RSE7056,2,1.7623112515940773,1285.0,642.5,0.009874428802706114
RSE7126,RSE7092,RSE7116,2,1.5094843002819873,443.0,221.5,0.024533379146795282
RSE7059,RSE7109,RSE7131,2,1647.98,543.0,271.5,21.851668508287293
RSE7130,RSE7124,RSE7125,2,336.8394933648195,608.0,304.0,3.9888887372149675
RSE7112,RSE7112,RSE7125,2,0.8207637949789317,1558.0,779.0,0.0037930034171041777
RSE7125,RSE7194,RSE7126,2,247.0060916102174,829.0,414.5,2.1452881297871715
RSE7142,RSE7124,RSE7125,2,336.7708572960231,557.0,278.5,4.353231907596708
RSE7067,RSE7067,RSE8069,2,0.9454519129198042,692.0,346.0,0.009837071926333223
RSE7142,RSE7059,RSE7059,2,1.0087889837412565,819.0,409.5,0.008868474582340717
RSE7124,RSE7097,RSE7114,2,0.9601192439946659,163.0,81.5,0.04241017519485641
RSE7060,RSE8069,RSE8069,2,1.4409876479877055,958.0,479.0,0.010829969796984843
RSE7067,RSE7059,RSE7059,2,878.59,601.0,300.5,10.525537437603994
RSE7117,RSE7142,RSE7116,2,205.35860594961548,222.0,111.0,6.660279111879421
RSE7125,RSE7124,RSE7142,2,336.88085729602307,353.0,176.5,6.871224284791405
RSE7114,RSE7109,RSE7117,2,0.9359833418173673,1867.0,933.5,0.003609576893993061
RSE7196,RSE7196,RSE7125,2,1.6527223240852882,1128.0,564.0,0.010549291430331627
RSE7125,RSE7097,RSE7109,2,1.3165665615643347,747.0,373.5,0.012689798183752623
RSE8069,RSE7059,RSE7109,2,555.1927391121499,588.0,294.0,6.798278438107958
RSE7117,RSE7121,RSE7121,2,0.6832140469794565,376.0,188.0,0.013082822176202361
RSE7124,RSE7142,RSE7116,2,205.5408572960231,1798.0,899.0,0.823077960251038
RSE7130,RSE7121,RSE7129,2,313.37094356618104,684.0,342.0,3.298641511222958
RSE7114,RSE7130,RSE7121,2,200.27094356618102,1346.0,673.0,1.0712858794030486
RSE7131,RSE7097,RSE7121,2,254.30977438686529,543.0,271.5,3.372063306787164
RSE7121,RSE7124,RSE7194,2,268.6049723313466,448.0,224.0,4.316865626753785
RSE7114,RSE7097,RSE7125,2,1.2853964410564318,805.0,402.5,0.011496713510069949
RSE7056,RSE7385,RSE7131,2,2.344613477240289,1158.0,579.0,0.014577907630509567
RSE7117,RSE7116,RSE7114,2,212.82275054985143,209.0,104.5,7.331692841908758
RSE8069,RSE7056,RSE7056,2,1.480368268625695,380.0,190.0,0.028049082984486853
RSE7097,RSE7125,RSE7124,2,337.17739298451664,928.0,464.0,2.6160314972936636
RSE7112,RSE7117,RSE7116,2,1087.82,402.0,201.0,19.483343283582087
RSE7142,RSE7097,RSE7129,2,250.09665004294123,1990.0,995.0,0.904872301662903
RSE7144,RSE7114,RSE7109,2,0.9787374780524305,398.0,199.0,0.017705803623059044
RSE7116,RSE7142,RSE7117,2,205.35860594961548,1858.0,929.0,0.7957922297294033
RSE7124,RSE7131,RSE7144,1,311.3808046151176,453.0,453.0,2.474549440649941
RSE7129,RSE7120,RSE7120,1,0.5754366136084954,442.0,442.0,0.004686814047490008
RSE7097,RSE7142,RSE7130,1,249.82042116853415,389.0,389.0,2.3119627665982594
RSE7112,RSE7092,RSE7114,1,1.6920339795148212,310.0,310.0,0.019649426858881793
RSE7130,RSE7121,RSE7121,1,0.4009435661810367,263.0,263.0,0.005488200905900123
RSE7116,RSE7142,RSE7116,1,410.0,239.0,239.0,6.175732217573222
RSE7385,RSE7109,RSE7120,1,1204.39,373.0,373.0,11.624139410187668
RSE7059,RSE7131,RSE7132,1,209.6291176660102,567.0,567.0,1.3309785248635568
RSE7120,RSE7129,RSE7130,1,256.8054366136085,885.0,885.0,1.044632284529933
RSE7142,RSE7124,RSE7126,1,1.2971103237206876,487.0,487.0,0.00958849520614882
RSE7097,RSE7125,RSE7126,1,530.8273929845167,304.0,304.0,6.286113864290329
RSE8069,RSE7059,RSE7097,1,2.1415893649691222,279.0,279.0,0.027633411160891897
RSE7060,RSE7056,RSE7060,1,3.8395369597153897,864.0,864.0,0.01599807066548079
RSE7129,RSE7114,RSE7385,1,1023.5156796389922,223.0,223.0,16.523123079373867
RSE7124,RSE7097,RSE7121,1,254.1221157874549,252.0,252.0,3.6303159398207843
RSE7125,RSE7121,RSE7125,1,1.1977979274671695,297.0,297.0,0.014518762757177813
RSE7112,RSE7116,RSE7097,1,0.9757155922409163,520.0,520.0,0.006754954100129421
RSE7059,RSE7125,RSE7194,1,248.30634002598964,1249.0,1249.0,0.7156948151269518
RSE7194,RSE7124,RSE7097,1,1.1070881188014812,253.0,253.0,0.015753032520495383
RSE7067,RSE7056,RSE7117,1,516.3247069483076,910.0,910.0,2.042603236279019
RSE7129,RSE7132,RSE7131,1,209.06066215516728,271.0,271.0,2.777189607965322
RSE7142,RSE7130,RSE7121,1,0.9213647347151848,343.0,343.0,0.009670300422666662
RSE7109,RSE7114,RSE7132,1,550.4934121077616,157.0,157.0,12.622778876356318
RSE7120,RSE7124,RSE7125,1,336.9990079436393,306.0,306.0,3.9646942111016386
RSE7112,RSE7114,RSE7132,1,1.758246139645106,445.0,445.0,0.01422401371398288
RSE7059,RSE7059,RSE7097,1,0.9888502528191733,227.0,227.0,0.015682206652638874
RSE7114,RSE7109,RSE7120,1,234.07043467551517,321.0,321.0,2.6250889870151233
RSE7068,RSE7059,RSE7056,1,933.0329717250934,261.0,261.0,12.86942029965646
RSE7385,RSE7114,RSE7385,1,1023.6240969178856,236.0,236.0,15.614604868238935
RSE7114,RSE7114,RSE7117,1,0.8214503426639296,764.0,764.0,0.0038707084209295113
RSE7097,RSE7124,RSE7194,1,1.1070881188014812,289.0,289.0,0.013790717050814298
RSE7129,RSE7129,RSE7124,1,0.42904586272379525,196.0,196.0,0.007880434213294199
RSE7097,RSE7109,RSE7385,1,968.7591735770477,149.0,149.0,23.40626191192867
RSE7126,RSE7194,RSE7194,1,0.5060916102174051,1044.0,1044.0,0.0017451434835082935
RSE7109,RSE7117,RSE7116,1,212.5255486663022,146.0,146.0,5.240355994511561
RSE7130,RSE7142,RSE7120,1,0.8772655987216981,436.0,436.0,0.007243477420637874
RSE7097,RSE7121,RSE7130,1,254.01094356618106,190.0,190.0,4.812838930727642
RSE7194,RSE7124,RSE7109,1,1.585817399228177,241.0,241.0,0.023688558660669864
RSE8069,RSE7068,RSE7401,1,702.3299999999999,202.0,202.0,12.516772277227721
RSE7194,RSE7126,RSE7125,1,532.3060916102173,551.0,551.0,3.4778619415549588
RSE7132,RSE7132,RSE7114,1,0.39341210776158564,241.0,241.0,0.005876695385650242
RSE7142,RSE7131,RSE7144,1,311.25214686253634,410.0,410.0,2.732945679768612
RSE7121,RSE7124,RSE7121,1,530.14,224.0,224.0,8.520107142857144
RSE7385,RSE7120,RSE7117,1,461.94421682041747,490.0,490.0,3.393875878680618
RSE7125,RSE7125,RSE7121,1,0.5988989637335848,158.0,158.0,0.013645799173676615
RSE7114,RSE7120,RSE7142,1,314.0768444301876,568.0,568.0,1.9906278872335832
RSE7125,RSE7130,RSE7129,1,256.7507399129145,221.0,221.0,4.182364994056527
RSE7060,RSE7059,RSE7068,1,971.3229717250933,446.0,446.0,7.840275108094923
RSE7114,RSE7097,RSE7124,1,0.9601192439946657,369.0,369.0,0.009367017014582105
RSE7060,RSE7109,RSE7097,1,1.5801519925077794,767.0,767.0,0.0074166195215489
RSE7142,RSE7121,RSE7194,1,504.75296392023085,299.0,299.0,6.077293211079703
RSE7129,RSE7129,RSE7116,1,0.8094914620460101,117.0,117.0,0.024907429601415697
RSE7067,RSE7056,RSE7067,1,1028.84,223.0,223.0,16.609076233183856
RSE7059,RSE7097,RSE7126,1,2.251347791415457,427.0,427.0,0.01898091814776498
RSE7117,RSE7124,RSE7126,1,1.6338614010445736,382.0,382.0,0.015397646711414829
RSE7126,RSE7124,RSE7097,1,1.2683688151524675,145.0,145.0,0.03149053610033713
RSE7092,RSE7194,RSE7126,1,0.9619743801952788,517.0,517.0,0.006698467637723412
RSE7130,RSE7097,RSE7117,1,316.241790689519,487.0,487.0,2.337721656021085
RSE7120,RSE7120,RSE7124,1,0.7690079436392661,286.0,286.0,0.009679820269585167
RSE7144,RSE7131,RSE7060,1,311.1618095391784,743.0,743.0,1.5076480677537583
RSE7196,RSE7125,RSE7121,1,2.251621287818873,730.0,730.0,0.011103885802942387
RSE7068,RSE7060,RSE7385,1,562.0117860865814,265.0,265.0,7.63487709400639
RSE7194,RSE7125,RSE7194,1,493.53999999999996,258.0,258.0,6.8866046511627905
RSE7125,RSE7124,RSE7131,1,337.36080461511756,366.0,366.0,3.318302996214271
RSE7059,RSE7059,RSE7131,1,0.9891176660101944,553.0,553.0,0.006439102346540144
RSE7097,RSE7142,RSE7059,1,250.30878898374127,1669.0,1669.0,0.5399111086527673
RSE7385,RSE7131,RSE7130,1,0.7856412813624027,182.0,182.0,0.015540157213761813
RSE7112,RSE7126,RSE7092,1,2.279844555512539,1338.0,1338.0,0.00613411091169293
RSE7124,RSE7120,RSE7114,1,314.6390079436393,252.0,252.0,4.494842970623418
RSE7116,RSE7116,RSE7092,1,0.5982854123065636,391.0,391.0,0.005508510190034857
RSE7124,RSE7124,RSE7097,1,0.5121157874548775,158.0,158.0,0.01166846097998455
RSE7114,RSE7120,RSE7129,1,314.2954366136085,827.0,827.0,1.3681542585356596
RSE7059,RSE7056,RSE7067,1,1445.77,149.0,149.0,34.931355704697985
RSE7092,RSE7117,RSE7116,1,212.8132058430015,457.0,457.0,1.6764278797260512
RSE7059,RSE7097,RSE7124,1,1.5009660402740508,202.0,202.0,0.02674988982666625
RSE7120,RSE7130,RSE7129,1,256.1563109662471,220.0,220.0,4.191648724902224
RSE7097,RSE7059,RSE7109,1,555.0288502528191,521.0,521.0,3.835132170652877
RSE7194,RSE7121,RSE7109,1,1.5652198662279777,305.0,305.0,0.018474726289904
RSE7142,RSE7121,RSE7120,1,504.4303240483309,230.0,230.0,7.895431159017353
RSE7385,RSE7385,RSE7114,1,0.6240969178855652,264.0,264.0,0.008510412516621343
RSE7059,RSE8069,RSE8069,1,1.152739112149949,196.0,196.0,0.021172759202754167
RSE7129,RSE7120,RSE7109,1,234.7954366136085,254.0,254.0,3.3278093378306717
RSE7126,RSE7125,RSE7120,1,532.8947062068235,218.0,218.0,8.800096065800755
RSE7129,RSE7142,RSE7116,1,205.57881651326457,419.0,419.0,1.76630964068676
RSE7121,RSE7142,RSE7116,1,708.9200000000001,378.0,378.0,6.751619047619049
RSE7121,RSE7121,RSE7130,1,0.4009435661810367,1255.0,1255.0,0.0011501170025910218
RSE7056,RSE7059,RSE7385,1,933.0448084254423,899.0,899.0,3.7363307122709593
RSE7109,RSE7109,RSE7142,1,0.5408031442463191,152.0,152.0,0.012808495521623348
RSE7121,RSE7120,RSE7117,1,461.52032404833085,219.0,219.0,7.586635463808179
RSE7120,RSE7114,RSE7129,1,314.38567963899226,158.0,158.0,7.163218017090963
RSE7125,RSE7124,RSE7126,1,337.09625302769757,299.0,299.0,4.058683982942178
RSE7130,RSE7131,RSE7385,1,0.7856412813624027,283.0,283.0,0.00999402336715424
RSE7120,RSE7121,RSE7121,1,0.5103240483308604,173.0,173.0,0.01061945996526646
RSE7056,RSE7068,RSE7068,1,1.1653070107060992,219.0,219.0,0.019155731682839988
RSE7056,RSE7385,RSE7385,1,1.982735821025856,1124.0,1124.0,0.006350399426773205
RSE7401,RSE8069,RSE7068,1,413.3650689708911,583.0,583.0,2.5525115751204255
RSE7126,RSE7120,RSE7109,1,235.73418326315652,453.0,453.0,1.8733842378528998
RSE7120,RSE7059,RSE8069,1,1.8894011741317636,328.0,328.0,0.02073732995998277
RSE7067,RSE7401,RSE7056,1,2.3329223819399685,799.0,799.0,0.01051128983101863
RSE7117,RSE7109,RSE7117,1,1.1110973326043865,219.0,219.0,0.01826461368664745
RSE7124,RSE7120,RSE7120,1,0.7690079436392661,288.0,288.0,0.009612599295490826
RSE7067,RSE7056,RSE7060,1,517.3397684798576,230.0,230.0,8.097492028380382
RSE7112,RSE7092,RSE7124,1,0.970097116579804,326.0,326.0,0.010712728894746303
RSE7060,RSE7056,RSE7112,1,3.2361205420433783,878.0,878.0,0.013268831379676722
RSE7196,RSE7194,RSE7092,1,1.8853573796781293,1404.0,1404.0,0.004834249691482383
RSE7121,RSE7120,RSE7144,1,1.4264224773293923,558.0,558.0,0.009202725660189629
RSE7131,RSE7144,RSE7109,1,311.2979776525789,1263.0,1263.0,0.8873101500786097
RSE7120,RSE7142,RSE7092,1,1.0282283638496152,499.0,499.0,0.007418080380478186
RSE7131,RSE7109,RSE7385,1,968.9215788269346,723.0,723.0,4.824505786690131
RSE7120,RSE7121,RSE7126,1,1.519250495358524,342.0,342.0,0.01599211047745815
RSE7056,RSE7056,RSE7109,1,1.1252623856616308,385.0,385.0,0.010521933995797069
RSE7125,RSE7125,RSE7059,1,1.8063400259896365,597.0,597.0,0.010892502669284241
RSE7114,RSE7114,RSE7130,1,199.87,283.0,283.0,2.542515901060071
RSE7132,RSE7131,RSE7059,1,209.6291176660102,182.0,182.0,4.146510019767234
RSE7131,RSE7131,RSE7059,1,0.9891176660101944,439.0,439.0,0.00811121548436606
RSE7144,RSE7131,RSE7059,1,311.2791176660102,416.0,416.0,2.693761595186627
RSE7114,RSE7114,RSE7114,1,0.0,605.0,605.0,
RSE7120,RSE7097,RSE7056,1,206.743390634435,657.0,657.0,1.1328404966270411
RSE7060,RSE7059,RSE7056,1,1902.99,285.0,285.0,24.037768421052633
RSE7131,RSE7131,RSE7060,1,0.8718095391783958,400.0,400.0,0.007846285852605562
RSE7131,RSE7132,RSE7114,1,209.03341210776156,526.0,526.0,1.4306469269732731
RSE7120,RSE7109,RSE7144,1,235.15797765257886,225.0,225.0,3.7625276424412624
RSE7059,RSE7121,RSE7126,1,2.2519574945154694,413.0,413.0,0.01962965370521959
RSE7092,RSE7092,RSE7126,1,0.9111988879754238,126.0,126.0,0.026034253942154965
RSE7130,RSE7129,RSE7142,1,256.35881651326457,437.0,437.0,2.1118804106355893
RSE7129,RSE7121,RSE7142,1,816.8900000000001,301.0,301.0,9.770112956810632
RSE7059,RSE7059,RSE7117,1,0.86279035245169,953.0,953.0,0.003259229033395681
RSE7059,RSE7121,RSE7124,1,269.2530310474878,228.0,228.0,4.251363648118229
RSE7129,RSE7121,RSE7129,1,625.94,140.0,140.0,16.0956
RSE7130,RSE7120,RSE7120,1,0.3763109662470492,288.0,288.0,0.004703887078088115
RSE7194,RSE7097,RSE7121,1,254.67791835924314,442.0,442.0,2.074299787541347
RSE7121,RSE7131,RSE7131,1,0.8247045177455037,323.0,323.0,0.009191753138959174
RSE7059,RSE7059,RSE7142,1,1.0087889837412565,186.0,186.0,0.019524948072411417
RSE7124,RSE7114,RSE7109,1,1.2447973206578553,255.0,255.0,0.01757360923281678
RSE7116,RSE7142,RSE7120,1,205.35684443018755,445.0,445.0,1.6613137976374723
RSE7068,RSE7109,RSE7120,1,234.88418555254415,397.0,397.0,2.129932161181761
RSE7097,RSE7097,RSE7131,1,0.6997743868652699,84.0,84.0,0.02999033086565443
RSE7097,RSE7124,RSE7092,1,1.0219583429416732,702.0,702.0,0.005240812015085503
RSE7142,RSE7116,RSE7121,1,205.5200853201022,106.0,106.0,6.979927425965736
RSE7132,RSE7131,RSE7056,1,210.40231125159406,482.0,482.0,1.571469544617715
RSE7060,RSE7059,RSE7385,1,971.7548084254423,289.0,289.0,12.10490418799859
RSE7125,RSE7120,RSE7120,1,1.094706206823514,408.0,408.0,0.009659172413148655
RSE7124,RSE7124,RSE7129,1,0.42904586272379525,147.0,147.0,0.010507245617725598
RSE7097,RSE7114,RSE7144,1,1.0463062590770447,333.0,333.0,0.011311419017049133
RSE7097,RSE7120,RSE7385,1,205.6242168204175,310.0,310.0,2.3878941308177515
RSE7121,RSE7109,RSE7109,1,0.732255945997135,285.0,285.0,0.009249548791542758
RSE7056,RSE7056,RSE7144,1,2.045033398637435,1222.0,1222.0,0.00602464831022485
RSE7120,RSE7097,RSE7059,1,206.34885025281918,514.0,514.0,1.4452448655839476
RSE7117,RSE7142,RSE7125,1,1.161186624675754,1211.0,1211.0,0.0034519172987883687
RSE7120,RSE7120,RSE7059,1,0.7366620619818146,457.0,457.0,0.005803027184101822
RSE7121,RSE7125,RSE7196,1,2.251621287818873,291.0,291.0,0.027855108715285026
RSE7060,RSE7060,RSE7068,1,1.1317860865813756,293.0,293.0,0.013905904135470826
RSE7112,RSE7112,RSE7124,1,0.8853291840631589,434.0,434.0,0.007343744383934037
RSE7194,RSE7129,RSE7130,1,257.2394829906334,418.0,418.0,2.215459662120288
RSE7130,RSE7120,RSE7114,1,314.24631096624705,315.0,315.0,3.5913864110428233
RSE8069,RSE7059,RSE7117,1,2.015529464601639,436.0,436.0,0.01664198640496766
RSE7120,RSE7114,RSE7114,1,313.87,277.0,277.0,4.079176895306859
RSE7116,RSE7142,RSE7131,1,205.89214686253635,342.0,342.0,2.167285756447751
RSE7194,RSE7116,RSE7196,1,3.445146077218844,103.0,103.0,0.12041287260182368
RSE7116,RSE7142,RSE7142,1,205.0,893.0,893.0,0.826427771556551
RSE7194,RSE7125,RSE7144,1,248.64045732636438,1046.0,1046.0,0.8557415357312733
RSE7125,RSE7109,RSE7385,1,969.5915666827419,1058.0,1058.0,3.299177353551863
RSE7109,RSE7121,RSE7121,1,0.732255945997135,169.0,169.0,0.015598351512365004
RSE7130,RSE7129,RSE7109,1,256.5568606251401,1466.0,1466.0,0.6300168473741502
RSE7097,RSE7130,RSE7120,1,316.0963109662471,353.0,353.0,3.2236450976727746
RSE7196,RSE7194,RSE7129,1,2.438957600333669,834.0,834.0,0.010527874533814398
RSE7060,RSE7144,RSE7144,1,0.8034261623424814,209.0,209.0,0.013838919542741308
RSE7120,RSE7142,RSE7116,1,205.35684443018755,154.0,154.0,4.800549610056333
RSE7142,RSE7124,RSE7124,1,0.5408572960230978,618.0,618.0,0.003150625025377269
RSE7124,RSE7130,RSE7114,1,200.47949336481943,496.0,496.0,1.4550930970027218
RSE7125,RSE7125,RSE7130,1,0.9707399129145186,257.0,257.0,0.013597913177012711
RSE7117,RSE7109,RSE7114,1,550.6555486663023,289.0,289.0,6.85937707681207
RSE7092,RSE7126,RSE7196,1,2.2519100144074775,1178.0,1178.0,0.006881898176457487
RSE7092,RSE7109,RSE7059,1,554.622142870905,753.0,753.0,2.651579965916677
RSE7124,RSE7097,RSE7142,1,249.8121157874549,520.0,520.0,1.7294684939131493
RSE7124,RSE7130,RSE7129,1,256.38949336481943,202.0,202.0,4.569317703531436
RSE8069,RSE7401,RSE7068,1,287.6050689708911,223.0,223.0,4.642951786077166
RSE7117,RSE7117,RSE7121,1,0.6832140469794565,194.0,194.0,0.01267819880992806
RSE7131,RSE7132,RSE7131,1,417.28,369.0,369.0,4.0710243902439025
RSE7097,RSE7097,RSE7109,1,0.47917357704769115,252.0,252.0,0.006845336814967016
RSE7129,RSE7121,RSE7125,1,313.5688989637336,301.0,301.0,3.7503257018918306
RSE7109,RSE7109,RSE7068,1,1.1941855525441454,319.0,319.0,0.0134767021603728
RSE7109,RSE7131,RSE7144,1,1404.3000000000002,322.0,322.0,15.700248447204972
RSE7109,RSE7131,RSE7132,1,1302.58,151.0,151.0,31.054887417218538
RSE7130,RSE7130,RSE7109,1,0.5518924543930708,339.0,339.0,0.005860804825413141
RSE7116,RSE7117,RSE7131,1,213.07948597269362,167.0,167.0,4.593330236537108
RSE7092,RSE7116,RSE7142,1,205.59828541230655,275.0,275.0,2.691468463579286
RSE7117,RSE7097,RSE7117,1,1.043581379037915,620.0,620.0,0.006059504781510474
RSE8069,RSE7401,RSE7401,1,0.5350689708911192,117.0,117.0,0.016463660642803666
RSE7117,RSE7109,RSE7385,1,968.8355486663022,240.0,240.0,14.532533229994533
RSE7124,RSE7121,RSE7117,1,262.81321404697945,250.0,250.0,3.784510282276504
RSE7109,RSE7060,RSE7385,1,561.9809784154601,404.0,404.0,5.00775129281103
RSE7116,RSE7114,RSE7144,1,1.4510533523886808,327.0,327.0,0.01597489929235245
RSE7060,RSE7059,RSE7067,1,971.2992458308258,934.0,934.0,3.7437658297547896
RSE7129,RSE7114,RSE7117,1,1.337129981656175,259.0,259.0,0.01858559047861865
RSE7117,RSE7097,RSE7129,1,0.9284407324601679,185.0,185.0,0.018066954793819485
RSE7142,RSE7116,RSE7112,1,205.52666082117972,296.0,296.0,2.4996485775548885
RSE7121,RSE7109,RSE7385,1,969.0122559459971,206.0,206.0,16.934194764104806
RSE7124,RSE7126,RSE7125,1,532.5562530276975,462.0,462.0,4.149788984631409
RSE7131,RSE7109,RSE7109,1,0.6415788269346343,268.0,268.0,0.008618223048375685
RSE7059,RSE7142,RSE7142,1,1.0087889837412565,1033.0,1033.0,0.0035156247255261597
RSE7130,RSE7132,RSE7132,1,338.55,177.0,177.0,6.885762711864407
RSE7114,RSE7109,RSE7114,1,550.4804346755152,328.0,328.0,6.041858429365411
RSE7130,RSE7121,RSE7097,1,253.69094356618103,175.0,175.0,5.21878512479001
RSE7129,RSE7131,RSE7385,1,0.9681490526965706,357.0,357.0,0.009762847590217519
RSE7124,RSE7109,RSE7401,1,2.2343124706371396,390.0,390.0,0.02062442280588129
RSE7112,RSE7109,RSE7059,1,554.6207736214333,661.0,661.0,3.0206275114026626
RSE7068,RSE7068,RSE7056,1,1.1653070107060992,131.0,131.0,0.03202370411100731
RSE7056,RSE7059,RSE7120,1,932.6666620619818,290.0,290.0,11.577930977321154
RSE7092,RSE7116,RSE7109,1,1.285832601165341,482.0,482.0,0.009603728971359393
RSE7124,RSE7120,RSE7059,1,1.5056700056210808,490.0,490.0,0.011062065347420186
RSE7112,RSE7124,RSE7129,1,1.3143750467869542,488.0,488.0,0.009696209361543105
RSE7130,RSE7129,RSE7114,1,256.2956796389922,1117.0,1117.0,0.8260200955240573
RSE7131,RSE7120,RSE7117,1,461.6159008677327,308.0,308.0,5.39551052962285
RSE7126,RSE7126,RSE7194,1,0.5060916102174051,251.0,251.0,0.0072586844493333
RSE7144,RSE7060,RSE7056,1,2.723194642200176,377.0,377.0,0.026003980668224493
RSE7112,RSE7120,RSE7120,1,1.0789846999134933,516.0,516.0,0.007527800231954604
RSE7097,RSE7130,RSE7121,1,316.12094356618104,212.0,212.0,5.368091494520056
RSE7092,RSE7194,RSE7125,1,247.49588276997787,291.0,291.0,3.0618047352986952
RSE7109,RSE7114,RSE7144,1,550.6983028025372,351.0,351.0,5.648187721051664
RSE7116,RSE7097,RSE7130,1,316.1690547710612,204.0,204.0,5.579453907724609
RSE7131,RSE7117,RSE7116,1,213.07948597269362,203.0,203.0,3.7787495049344684
RSE7120,RSE7114,RSE7132,1,314.2634121077616,111.0,111.0,10.192326879170647
RSE7056,RSE7109,RSE7059,1,554.5352623856616,471.0,471.0,4.238486081928624
RSE7060,RSE7059,RSE8069,1,971.7927391121499,300.0,300.0,11.661512869345799
RSE7056,RSE7060,RSE7056,1,3.8395369597153897,567.0,567.0,0.024378012442637393
RSE7097,RSE7132,RSE7131,1,209.29656668057874,168.0,168.0,4.484926428869544
RSE7194,RSE7092,RSE7125,1,380.53588276997783,404.0,404.0,3.390913806861189
RSE7196,RSE7126,RSE7126,1,1.340711126432054,429.0,429.0,0.011250722739289964
RSE7125,RSE7196,RSE7125,1,3.3054446481705764,1060.0,1060.0,0.011226038427749128
RSE7401,RSE7401,RSE7068,1,287.07,23.0,23.0,44.93269565217391
RSE7109,RSE7114,RSE7120,1,863.82,589.0,589.0,5.2797147707979635
RSE7196,RSE7125,RSE7120,1,2.7474285309088025,722.0,722.0,0.013699089627800124
RSE7144,RSE7132,RSE7129,1,0.8211887642990698,181.0,181.0,0.0163330361960036
RSE7129,RSE7129,RSE7132,1,0.4206621551672922,539.0,539.0,0.0028096173628984265
RSE7097,RSE7109,RSE7097,1,0.9583471540953823,298.0,298.0,0.011577348170279786
RSE7144,RSE7131,RSE7097,1,310.9897743868653,378.0,378.0,2.9618073751130027
RSE7109,RSE7385,RSE7060,1,1529.17,318.0,318.0,17.31135849056604
RSE7125,RSE7109,RSE7109,1,1.3115666827419874,387.0,387.0,0.012200620304576627
RSE7385,RSE7097,RSE7142,1,250.35802736415604,208.0,208.0,4.333119704379624
RSE7196,RSE7125,RSE7126,1,531.6427223240853,538.0,538.0,3.5574605954771505
RSE7109,RSE7124,RSE7125,1,337.2208450678816,165.0,165.0,7.357545710571962
RSE7121,RSE7131,RSE7144,1,311.1847045177455,190.0,190.0,5.896131243494126
RSE7125,RSE7114,RSE7131,1,341.5522160346027,369.0,369.0,3.332216741801002
RSE7116,RSE7142,RSE7132,1,205.85931704524424,354.0,354.0,2.0934845801211277
RSE7196,RSE7194,RSE7196,1,2.8589492194005115,507.0,507.0,0.02030023114367227
RSE7142,RSE7117,RSE7114,1,1.1800562922794144,1096.0,1096.0,0.003876097310406836
RSE7059,RSE7109,RSE7124,1,555.0308450678815,247.0,247.0,8.089518389653334
RSE7059,RSE7059,RSE7116,1,1.078296623362668,339.0,339.0,0.011450937593231873
RSE7125,RSE7092,RSE7117,1,379.6332058430015,423.0,423.0,3.2309209007915025
RSE7121,RSE7109,RSE7068,1,1.9264414985412803,394.0,394.0,0.01760200353997109
RSE7056,RSE8069,RSE8069,1,1.480368268625695,383.0,383.0,0.013914688686821153
RSE7097,RSE7124,RSE7126,1,1.2683688151524675,286.0,286.0,0.01596548158933176
RSE7121,RSE7124,RSE7120,1,268.7790079436393,225.0,225.0,4.300464127098229
RSE7092,RSE7121,RSE7125,1,1.2255873309395566,469.0,469.0,0.009407493371817493
RSE7132,RSE7129,RSE7121,1,313.3906621551673,255.0,255.0,4.4243387598376565
RSE7144,RSE7109,RSE7059,1,554.3479776525788,262.0,262.0,7.616995112783527
RSE7097,RSE7142,RSE7124,1,249.8408572960231,199.0,199.0,4.519734101837604
RSE7121,RSE7097,RSE7131,1,253.98977438686526,220.0,220.0,4.156196308148704
RSE7056,RSE7068,RSE7401,1,290.6653070107061,507.0,507.0,2.0638956710819367
RSE7124,RSE7124,RSE7117,1,0.8776083733469838,299.0,299.0,0.01056652222090014
RSE7131,RSE7114,RSE7114,1,340.46,554.0,554.0,2.212375451263538
RSE7109,RSE7131,RSE7114,1,1434.4,295.0,295.0,17.50454237288136
RSE7114,RSE7109,RSE7401,1,1.6239020782707403,524.0,524.0,0.01115657916369211
RSE7114,RSE7120,RSE7114,1,627.59,495.0,495.0,4.56429090909091
RSE7067,RSE7068,RSE7067,1,1345.32,536.0,536.0,9.035731343283581
RSE7097,RSE7097,RSE7116,1,0.4490547710611895,242.0,242.0,0.006680153619092076
RSE7120,RSE7109,RSE7097,1,234.6991735770477,250.0,250.0,3.379668099509487
RSE7121,RSE7130,RSE7121,1,0.8018871323620734,882.0,882.0,0.003273008703518667
RSE7056,RSE7109,RSE7117,1,1.6808110519638242,221.0,221.0,0.027379727543302115
RSE7124,RSE7109,RSE7120,1,234.68084506788156,365.0,365.0,2.3146603897106126
RSE7131,RSE7114,RSE7060,1,341.4712355392571,529.0,529.0,2.323811810853168
RSE7126,RSE7125,RSE7196,1,533.4527223240852,331.0,331.0,5.801902720141109
RSE7092,RSE7126,RSE7092,1,1.8223977759508476,915.0,915.0,0.007170089610298416
RSE7129,RSE7114,RSE7144,1,1.1139824415295019,285.0,285.0,0.01407135715616213
RSE7131,RSE7131,RSE7056,1,1.7623112515940773,779.0,779.0,0.008144185501590087
RSE7112,RSE7142,RSE7130,1,1.2607410770641734,468.0,468.0,0.009698008285109026
RSE7114,RSE7120,RSE7125,1,314.81470620682353,265.0,265.0,4.276728084319112
RSE7067,RSE7059,RSE7385,1,879.7048084254424,466.0,466.0,6.796002811870371
RSE7109,RSE7109,RSE7401,1,1.243467402755566,465.0,465.0,0.00962684440843019
RSE7097,RSE7142,RSE7097,1,498.99,360.0,360.0,4.9899000000000004
RSE7068,RSE7068,RSE7067,1,669.16,115.0,115.0,20.947617391304348
RSE7130,RSE7131,RSE7060,1,1.2955731643263655,336.0,336.0,0.013881141046353917
RSE7121,RSE7124,RSE7097,1,268.5221157874549,391.0,391.0,2.472326385766848
RSE7132,RSE7130,RSE7109,1,339.93189245439305,287.0,287.0,4.2639540516927354
RSE7067,RSE7059,RSE7060,1,1848.88,436.0,436.0,15.26598165137615
RSE7114,RSE7060,RSE7060,1,1.0112355392571537,496.0,496.0,0.007339612784930955
RSE7130,RSE7130,RSE7131,1,0.4237636251479698,269.0,269.0,0.005671186061459819
RSE7130,RSE7130,RSE7117,1,0.8166788521985638,222.0,222.0,0.013243440846463197
RSE7129,RSE7131,RSE7131,1,0.6062713964821377,239.0,239.0,0.009132121453287428
RSE7092,RSE7121,RSE7129,1,313.596688367206,393.0,393.0,2.8726414201576125
RSE7097,RSE7114,RSE7117,1,1.2694537992037178,306.0,306.0,0.01493475057886727
RSE7124,RSE7109,RSE7109,1,0.9908450678815733,403.0,403.0,0.00885122145005872
RSE7125,RSE7144,RSE7131,1,311.8904573263644,1079.0,1079.0,1.0405983747682224
RSE8069,RSE7059,RSE7059,1,1.152739112149949,170.0,170.0,0.024410945904351864
RSE7125,RSE7194,RSE7116,1,247.51791466031827,62.0,62.0,14.372007948018481
RSE7132,RSE7114,RSE7109,1,0.7738467832767597,467.0,467.0,0.005965414175152751
RSE7385,RSE7120,RSE7120,1,0.9342168204174995,351.0,351.0,0.009581710978641021
RSE7144,RSE7060,RSE7401,1,1.719149442555584,306.0,306.0,0.02022528755947746
RSE7068,RSE7059,RSE7068,1,1.3659434501867584,113.0,113.0,0.043516782483825935
RSE7114,RSE7132,RSE7131,1,209.03341210776156,557.0,557.0,1.351023848452319
RSE7385,RSE7385,RSE7401,1,1.4039229425337172,329.0,329.0,0.01536207475112882
RSE7142,RSE7142,RSE7116,1,205.0,784.0,784.0,0.9413265306122449
RSE7097,RSE7116,RSE7117,1,212.41905477106118,279.0,279.0,2.740891029304015
RSE7056,RSE7056,RSE7112,1,1.3163520621856835,1314.0,1314.0,0.0036064440059881742
RSE7125,RSE7142,RSE7116,1,205.80258067506026,403.0,403.0,1.8384349638466921
RSE7124,RSE7124,RSE7142,1,0.5408572960230978,150.0,150.0,0.012980575104554349
RSE7120,RSE7125,RSE7194,1,247.5947062068235,305.0,305.0,2.922429319162507
RSE7130,RSE7097,RSE7125,1,316.5573929845167,231.0,231.0,4.933361968589871
RSE7112,RSE7142,RSE7117,1,1.0989258581455101,886.0,886.0,0.004465161500365504
RSE7114,RSE7385,RSE7144,1,1254.52,327.0,327.0,13.811229357798165
RSE7109,RSE7097,RSE7194,1,1.547091936290811,236.0,236.0,0.023599707502741187
RSE7114,RSE7144,RSE7131,1,310.8883028025373,236.0,236.0,4.742363941055653
RSE7125,RSE7124,RSE7117,1,337.21760837334693,235.0,235.0,5.165886766570421
RSE7068,RSE7109,RSE7097,1,1.6733591295918364,234.0,234.0,0.025743986609105176
RSE8069,RSE7097,RSE7121,1,255.75103949517867,322.0,322.0,2.859328391871563
RSE7109,RSE7144,RSE7144,1,0.9379776525788786,239.0,239.0,0.014128533679012397
RSE7385,RSE7060,RSE8069,1,562.3309876479877,638.0,638.0,3.1730275165090216
RSE7092,RSE7142,RSE7116,1,205.67138393366207,301.0,301.0,2.4598570835919715
RSE7117,RSE7109,RSE7060,1,1.6565270817622815,509.0,509.0,0.011716105096943446
RSE7401,RSE7068,RSE7109,1,288.2641855525441,244.0,244.0,4.253078147496553
RSE7112,RSE7092,RSE7142,1,1.1316384947550735,379.0,379.0,0.010749072773399116
RSE7117,RSE7117,RSE7059,1,0.86279035245169,449.0,449.0,0.0069176954762273585
RSE7056,RSE7109,RSE7114,1,551.2252623856616,389.0,389.0,5.101313482232344
RSE7125,RSE7121,RSE7109,1,1.3311549097307198,247.0,247.0,0.019401448077046926
RSE7124,RSE7129,RSE7114,1,0.9447255017160407,492.0,492.0,0.006912625622312494
RSE7142,RSE7142,RSE7120,1,0.35684443018754997,1010.0,1010.0,0.0012719207412625543
RSE7385,RSE7131,RSE7120,1,0.9677785239471677,249.0,249.0,0.013991978659477124
RSE7056,RSE7059,RSE7056,1,1864.28,801.0,801.0,8.378786516853932
RSE7117,RSE7117,RSE7131,1,1.109485972693619,225.0,225.0,0.017751775563097906
RSE7129,RSE7125,RSE7194,1,247.28218014355681,588.0,588.0,1.5139725314911643
RSE7129,RSE7097,RSE7120,1,205.0966500429412,322.0,322.0,2.2930060253248086
RSE7059,RSE7114,RSE7130,1,200.68807953703907,391.0,391.0,1.847767484228493
RSE7067,RSE7067,RSE7059,1,878.59,390.0,390.0,8.11006153846154
RSE7124,RSE7124,RSE7130,1,0.6094933648194343,746.0,746.0,0.002941254843632659
RSE7142,RSE7142,RSE7097,1,249.69,315.0,315.0,2.8536
RSE7092,RSE7126,RSE7125,1,532.7111988879753,233.0,233.0,8.230730969942966
RSE7142,RSE7142,RSE7114,1,0.6246162734766288,1168.0,1168.0,0.001925187144277281
RSE7130,RSE7114,RSE7385,1,1222.87,291.0,291.0,15.128288659793814
RSE7126,RSE7124,RSE7124,1,0.7562530276975898,232.0,232.0,0.011734960774617774
RSE7059,RSE7097,RSE7129,1,1.3955002957603837,248.0,248.0,0.02025726235781202
RSE7067,RSE7056,RSE7059,1,1447.35,122.0,122.0,42.708688524590166
RSE7109,RSE7059,RSE7385,1,554.5248084254423,475.0,475.0,4.202714337540195
RSE7059,RSE7068,RSE7059,1,1.3659434501867584,93.0,93.0,0.05287523032981
RSE7059,RSE7120,RSE7130,1,1.112973028228864,219.0,219.0,0.018295447039378583
RSE7120,RSE7130,RSE7132,1,338.92631096624706,79.0,79.0,15.444743284537843
RSE7125,RSE7121,RSE7130,1,0.9998425299146214,699.0,699.0,0.005149403587543115
RSE7130,RSE7121,RSE7130,1,0.8018871323620734,260.0,260.0,0.011103052601936402
RSE7385,RSE7131,RSE7097,1,1.061652043079703,332.0,332.0,0.011511889623755815
RSE7130,RSE7132,RSE7125,1,339.7500558552669,508.0,508.0,2.407677561179057
RSE7117,RSE7059,RSE7059,1,0.86279035245169,455.0,455.0,0.006826473118299086
RSE7060,RSE7385,RSE7109,1,1531.58,232.0,232.0,23.765896551724136
RSE7124,RSE7129,RSE7121,1,313.3990458627238,509.0,509.0,2.2165747840978502
RSE7056,RSE7401,RSE8069,1,1.9583974943780098,1013.0,1013.0,0.006959754175479601
