RSE_ID,INST_LOCAT,LOCAL_NM,POINT_X,POINT_Y
RSE6227,중촌동 23-10 안양해물탕 앞,대전,127.4087955,36.34257351
RSE6229,중촌동 394-1 선병원 앞,대전,127.413945,36.33798946
RSE6230,중촌동 396-11 국민은행 앞/미건의료기 앞,대전,127.4157852,36.33660909
RSE6235,선화동 89-5 천주교회 앞,대전,127.4182273,36.33506692
RSE6236,선화2동 153-1 하나치과 앞 섬,대전,127.4197233,36.33341453
RSE6237,선화동 151-13 청정해역 앞,대전,127.4185161,36.3323058
RSE6238,선화동 140-10 양자강 앞,대전,127.4199056,36.33028035
RSE6239,선화3동 205-5 종로화랑표구사 앞,대전,127.4170982,36.32924563
RSE6240,선화동 999-999 동방스포츠센타 앞,대전,127.4154167,36.33287389
RSE6249,은행동 23-6 동양투자신탁 앞/프린스 웨딩 건너편,대전,127.4226512,36.33100488
RSE6283,태평동 513-5 삼부새롬아파트 103동 앞,서대전,127.3881251,36.32240777
RSE6284,유천1동 339-75 궁중해장국 앞,남대전,127.3870532,36.3155336
RSE6285,태평2동 414-1 100년전통해장국 앞,서대전,127.391014,36.32675191
RSE6287,태평2동 377-7 대광건재 한의원 앞,서대전,127.3947079,36.32607914
RSE6288,유천1동 322-1 효원부동산 앞,서대전,127.3932476,36.32093261
RSE6289,태평2동 423-3 목공인테리어 앞,서대전,127.3908431,36.31689681
RSE6291,유천2동 196 극동마트 앞,서대전,127.396417,36.32200246
RSE6292,대전광역시 중구 유천2동187 국민은행 앞,서대전,127.3971147,36.3186523
RSE6293,태평1동 259-2 연기나는 마을 앞,서대전,127.3993113,36.32718981
RSE6294,태평동 317 태평A 107동 앞,서대전,127.4007976,36.3235506
RSE6296,중촌동 999-999 하아얏트 모텔 앞/현암교 하상도로,대전,127.418601,36.33818817
RSE6299,오류동 168-8 계룡병원 앞,서대전,127.4057315,36.32073897
RSE6300,대전광역시 중구 용두동112-10 일반건물 하나은행  버스승강장,대전,127.4067024,36.32691829
RSE6301,문화동 283-2 고려 S-OIL 주유소 건너/군부대 앞,대전,127.4074786,36.31556764
RSE6304,대사동 246-55 소아병원 건너편/타이어가게,대전,127.4178657,36.31803352
RSE6305,대흥동 240-127 한국자동차정비학원 그림같은집 앞,대전,127.4199105,36.3180475
RSE6306,용두동 113-12,대전,127.4049839,36.32861633
RSE6307,오류동 185-5 식사일번지 앞,서대전,127.4034085,36.32650952
RSE6308,오류동 175-8 르노삼성자동차 앞,서대전,127.4102149,36.32401273
RSE6309,대전광역시 중구 문화1동1-29,대전,127.4118853,36.32245645
RSE6310,문화동 1-217 서대전우체국 앞,대전,127.4143734,36.32067057
RSE6311,대전광역시 중구 선화동381-177 대일광고사 앞,대전,127.417067,36.32286827
RSE6313,대흥동 521-7 성모병원 건너/우동전문점 앞,대전,127.4199527,36.32412069
RSE6314,선화동 287 일반건물,대전,127.4214261,36.32672272
RSE6315,대흥동 467-2 /중구청 건너 돌 실나이 앞,대전,127.4224938,36.32503321
RSE6316,대흥동 320-2 대전고등학교 앞,대전,127.4233299,36.32249966
RSE6318,대사동 97-26 꼬꼬양념통닭 앞,대전,127.4263918,36.31711051
RSE6320,은행동 160-1 약국 앞,대전,127.426992,36.3262502
RSE6324,대흥동 168 문창횟집 앞 교통섬,대전,127.428764,36.32424271
RSE6326,은행동 139-5 김선영 약국앞,대전,127.4258536,36.32890537
RSE6327,부사동 69 /충무4가 충무체육관 앞,대전,127.431801,36.31903854
RSE6330,목동 8-13 태운전자 앞,대전,127.411831,36.335591
RSE6338,선화동 78-2 한성식당앞/삼선교 하상도로 둔산방향,대전,127.4227607,36.3347835
RSE6363,산성동 165-15,남대전,127.3878057,36.30975127
RSE6367,산성동 349-1 버드내 다리 건너 계룡자동차 앞,남대전,127.3824996,36.30425085
RSE6368,산성동 279-1 서대전농협 앞,남대전,127.3864385,36.30446043
RSE6369,산성동 283 사구팔구알뜰시장 앞,남대전,127.3891943,36.30569937
RSE6370,산성동 134-27 LG전자 앞/축협유천동지소앞 전주,남대전,127.3923547,36.31114851
RSE6371,산성동 335-7 산성카모터스 앞,남대전,127.3943176,36.30729012
RSE6372,산성동 산1-7 덕성황토 찜질방 건너편,남대전,127.3950333,36.30507172
RSE6374,유천2동 271-5 SKT유천특약점 앞,남대전,127.3990621,36.31292958
RSE6377,대전광역시 중구 문화1동145-37 한밭도서관앞 3거리,남대전,127.408314,36.30828658
RSE6378,부사동 153-8 부사육류센타 앞,대전,127.4349203,36.31290775
RSE6379,석교동 88-5 성심카인테리어 앞,동대전,127.4472674,36.30668396
RSE6380,대전광역시 중구 옥계동4-1 가오교앞3거리(ITS용),동대전,127.4516585,36.30280611
RSE6381,대전광역시 중구 안영동319-1 동물원 입구 삼거리,남대전,127.3880025,36.29061782
RSE6389,은행동 110-14 뼈다귀해장국집 앞/영교 하상도로 둔산,대전,127.4254179,36.33248344
RSE6393,대흥동 252  대흥동우체국 앞/대흥교 하상도로 둔산방향,대전,127.432414,36.32547773
RSE6395,문창동 999-999 보문교 하상도로 둔산방향,동대전,127.4361451,36.32085952
RSE6400,대전광역시 중구 안영동262 안영IC앞(ITS용),남대전,127.3768478,36.27943726
RSE6508,사정동 388-1 이레슈퍼 앞,남대전,127.384585,36.295727
RSE6520,산성동 166-9 우진전기 앞/도마교 건너기전,남대전,127.3868219,36.31005268
RSE6521,대전광역시 중구 안영동702-1 LG안영주유소 옆/안영교 건너기전,남대전,127.3784555,36.28687377
RSE7054,월평동 313 전원아파트101동 건너 은평공원 앞,둔산,127.3636457,36.3597794
RSE7056,월평동 999-999 갑천3거리 갑천주공아파트 105동 건너,둔산,127.3688543,36.36497985
RSE7057,대전광역시 서구 월평동222 한아름아파트 110동 앞,둔산,127.3745533,36.36243329
RSE7058,만년동 291 신촌설렁탕 앞,둔산,127.3798427,36.36750149
RSE7059,월평동 223-204 무궁화아파트 104동 앞,둔산,127.3791804,36.36453706
RSE7060,만년동 396 평송수련원입구 앞,둔산,127.3902945,36.36499536
RSE7062,둔산동 907-111 평송수련관삼거리 안전지대 신호등,둔산,127.3935113,36.36444231
RSE7064,대전광역시 서구 월평동1510 황실네거리,둔산,127.3740192,36.35962923
RSE7065,월평동 308 갑천초등학교 앞,둔산,127.3681041,36.3595605
RSE7067,만년동 8 둔천초등학교 앞,둔산,127.3733857,36.36819454
RSE7068,만년동 300 KBS방송국빌딩 앞 4거리 신호등,둔산,127.379792,36.37065939
RSE7081,둔산동 909-7/공무원아파트3/ 수정타운 아파트 7동 앞,둔산,127.3963869,36.36089617
RSE7092,갈마동 1533 동산맨션아파트 9동 앞,둔산,127.3730478,36.35044315
RSE7097,둔산동 962 둔산전화국 건너/동부화재 앞,둔산,127.3790666,36.35564459
RSE7104,월평동 1351 월평초등학교 앞/토종한우 건너편,둔산,127.3570383,36.3560317
RSE7105,월평동 313 갑천대교 옆,둔산,127.3598975,36.35871541
RSE7106,월평동 313 월마트건너 무궁화동산앞,둔산,127.3636645,36.35862613
RSE7108,월평동 1547 중도일보사 건너/LG25시 앞,둔산,127.3641923,36.35462869
RSE7109,둔산동 920 동아라이텔건너편/선사유적지건너편/들의공원,둔산,127.3797373,36.35991991
RSE7112,갈마1동 307-1 풍차 앞,서대전,127.3691534,36.35314406
RSE7113,갈마동 268-30 타이어뱅크 건너/송촌조명 앞,둔산,127.3701005,36.35257988
RSE7114,둔산동 948 한국산업은행 앞/삼성생명 앞 보라매 4거리,둔산,127.3831899,36.35792626
RSE7115,갈마동 823 대전둔산여고 앞,둔산,127.3739416,36.3527989
RSE7116,갈마동 820 향촌아파트 119동 건너/갈마공원 앞,둔산,127.3740542,36.35576226
RSE7117,월평3동 301 누리아파트 103동 앞,둔산,127.3740169,36.35798601
RSE7118,월평3동 312 진달래아파트 101동 앞,둔산,127.3681613,36.35803651
RSE7119,갈마동 362-4 하나은행 앞,서대전,127.3695853,36.34768024
RSE7120,둔산동 951 둔산경찰서 앞,둔산,127.37964,36.35792245
RSE7121,둔산동 1031 삼성전자 서비스 앞,둔산,127.3790364,36.35335881
RSE7122,둔산동 1294 교육청 앞,둔산,127.3831122,36.3514154
RSE7123,대전광역시 서구 둔산동970 향촌아파트 유치원 앞,둔산,127.3762788,36.35227539
RSE7124,둔산동 1367 타임월드 대각선 조흥은행 둔산지점 앞,둔산,127.3786909,36.35104897
RSE7125,갈마동 1043 둔산병원 앞,서대전,127.376242,36.34846553
RSE7126,탄방동 518-2 국민연금관리공단 건너/유승기업 앞,서대전,127.3797892,36.3443056
RSE7127,탄방동 599 한마음병원 앞/SKT 건너,둔산,127.3827965,36.34637887
RSE7128,둔산동 1587 시청건너/둔산파크빌딩 앞,둔산,127.3832452,36.34876553
RSE7129,둔산동 1298 현대해상빌딩 앞,둔산,127.3825678,36.35331578
RSE7130,둔산동 1306 한국은행 건너/을지대둔산병원 신축공사장앞,둔산,127.3826115,36.35552942
RSE7131,둔산동 930 샘머리내거리 청사공원앞/조흥은행 건너,둔산,127.3864047,36.35780791
RSE7132,둔산동 1399 샘머리공원 건너/대전검찰청 앞,둔산,127.3863964,36.35550771
RSE7133,둔산동 1400 검찰청 건너/시경 앞,둔산,127.3864376,36.35340101
RSE7134,둔산동 1403 시청옆/체신청앞,둔산,127.3862651,36.35142729
RSE7135,탄방동 590 샤크존앞 4거리,둔산,127.3862583,36.34874686
RSE7136,탄방동 703 까르프앞 3거리,둔산,127.3867083,36.34645897
RSE7137,탄방동 737 혜민약국/한양학원 앞,둔산,127.3897685,36.34685971
RSE7138,탄방동 1510 목련아파트 101동 앞,둔산,127.3902408,36.34922652
RSE7139,둔산동 1509 크로바아파트 102동 앞/주택은행 건너,둔산,127.3903983,36.35138543
RSE7140,둔산동 1338 삼성한마루아파트 9동 앞,둔산,127.3904296,36.35365683
RSE7142,둔산동 967 외환은행 앞,둔산,127.3768026,36.35566918
RSE7143,둔산동 1380-4 영진 햇님아파트 3동 건너,둔산,127.3898423,36.35584154
RSE7144,둔산동 928 공무원연금공단 앞,둔산,127.3898687,36.35777812
RSE7145,대전광역시 서구 둔산3동1805 삼천중학교 대각선;가람아파트 3동 앞,둔산,127.3955119,36.35725246
RSE7146,삼천동 1385 영진햇님아파트 8동 건너/시애틀공원 앞,둔산,127.3948626,36.35536721
RSE7147,대전광역시 서구 둔산3동1809 한밭초등교 건너;우성아파트 501호 앞 외환은행 앞,둔산,127.3954307,36.35351795
RSE7148,대전광역시 서구 둔산3동1813 한신코아 건너;문정초등 앞,둔산,127.3954902,36.35105249
RSE7149,탄방동 1153 충남고 앞/리빙프라자 앞,둔산,127.3954692,36.34874951
RSE7150,대전광역시 서구 둔산3동2155 한밭대교 앞;가람아파트 앞,둔산,127.4002832,36.35720114
RSE7152,대전광역시 서구 둔산3동2003 보람아파트 건너;가도수산활어회,둔산,127.4014365,36.35105697
RSE7153,대전광역시 서구 둔산3동2167 삼천교4가 삼천교옆,둔산,127.4020619,36.34922747
RSE7154,서구 탄방동 1481-10 용문교 앞 월풀대리점 건너,둔산,127.401995,36.34494376
RSE7157,월평동 163-28 대전성심병원앞 4거리(만년교앞),서대전,127.3514407,36.35071847
RSE7192,월평동 19-5 월평아파트 건너 빨리셀프드라이크리닝 앞,서대전,127.3582681,36.3532224
RSE7193,갈마동 406-16 대봉빌라 앞,서대전,127.3698798,36.34405466
RSE7194,대전광역시 서구 갈마2동1070 갈마2동사무소 앞;거환산업 앞,서대전,127.374935,36.34663546
RSE7195,괴정동 413-21 보타니카 건너편,서대전,127.3733995,36.34046442
RSE7196,내동 169-12 진주동물병원 앞/행운사진관 CCTV 옆,서대전,127.3720303,36.33399461
RSE7197,대전광역시 서구 괴정동121 우전토건 건너;피자아침 건너편,서대전,127.377901,36.34056033
RSE7199,괴정동 128-10 한국통신연수원 앞/후지제록스대리점 앞,서대전,127.374939,36.33960266
RSE7202,대전광역시 서구 괴정동93-51,서대전,127.3804429,36.33493389
RSE7203,내동 15-42 태촌아구찜 꽃게전문점 앞,서대전,127.377076,36.33128802
RSE7205,탄방동 91-8 롯데백화점 건너/가디스 앞,서대전,127.3895845,36.34156618
RSE7206,괴정동 80-1 미도니스 앞,서대전,127.3845083,36.33810897
RSE7207,괴정동 87-1 시골장터 앞,서대전,127.3822826,36.33638738
RSE7208,가장동 38-58 한국씨앤씨 렌터카 앞 교통섬,서대전,127.3815794,36.32874177
RSE7209,가장동 49-5 삼성사이버아파트 건너편/대우부동산 앞,서대전,127.3868785,36.33303522
RSE7210,가장동 39-1 삼성사이버아파트 앞/운창지물포 앞,서대전,127.3884675,36.33475216
RSE7213,탄방동 60-1 자동차부품 선경상사 건너,서대전,127.3918502,36.34333438
RSE7214,용문동 227-8 코아카써비스 앞,서대전,127.398078,36.34175668
RSE1501,봉명동 1017-1 쌍용자동차 앞,자가망,127.3450559,36.35287005
RSE1502,구암동 235 유성생명과학고 건너편,유성,127.3260684,36.34854501
RSE1503,구암동 620-8 유성생명과학고 앞,자가망,127.3307907,36.34838311
RSE1504,봉명동 1028-1 진터네거리,자가망,127.3405407,36.34835572
RSE1505,봉명동 1061 계룡대네거리,자가망,127.3478138,36.34869141
RSE1506,상대서로 46 상원초등학교,자가망,127.33271,36.34284387
RSE1507,봉명동 1070,자가망,127.339809,36.34302666
RSE1508,원신흥동 582 원신흥삼거리,자가망,127.3470132,36.34185966
RSE1509,상대동 498,자가망,127.3360364,36.33835752
RSE1510,원신흥남로 42번길 5-37 휴먼시아 10단지 앞,자가망,127.3384637,36.33809158
RSE1511,원신흥동 513-6,자가망,127.3486158,36.33961287
RSE1512,원신흥동 609,자가망,127.3330664,36.33244779
RSE1513,동서대로 682 팔복빌딩앞,자가망,127.3385757,36.33198127
RSE1514,대전광역시 서구 복수동611 101동건너편,남대전,127.3787369,36.30416952
RSE1515,도안동 1052,자가망,127.3481831,36.32558774
RSE1516,원도안로 200 도안초등학교 앞,자가망,127.3439223,36.32093557
RSE1517,도안동로 183 대전도안아이파크 건너편,자가망,127.3481285,36.32115387
RSE1518,도안동 1367 도안중학교,자가망,127.3452061,36.31711807
RSE1519,도안동 1366 도안중학교,자가망,127.3482713,36.31744487
RSE1520,관저동 1917 원앙네거리,자가망,127.335072,36.30770612
RSE1521,관저동 994 관저네거리,자가망,127.3409386,36.30801779
RSE1522,원도안로 80 도솔초등학교 앞,자가망,127.3469368,36.31156201
RSE1523,도안동 1373,자가망,127.3497603,36.31262821
RSE1524,원신흥동 611 대전중앙 감리교회 앞,자가망,127.3450552,36.33863822
RSE1601,복용동 175-3,0,127.3198833,36.341489
RSE1602,학하동 368,0,127.3144753,36.3353606
RSE1603,자운동 515-22,0,127.3509688,36.3933398
RSE1604,삼정동 11-9,0,127.4780223,36.3325283
RSE1605,덕명동 156-14,0,127.2965848,36.3489728
RSE1606,노은동 499-9,0,127.3143556,36.367168
RSE1607,변동 산 10-65,0,127.368018,36.334429
RSE2101,유성구 외삼동 486-10,유성,127.304036,36.406233
RSE2102,유성구 지족동 600,유성,127.308468,36.3877
RSE2103,유성구 지족동 1040,유성,127.302283,36.381513
RSE2104,유성구 지족동 1046-1,유성,127.302542,36.37796
RSE2105,유성구 덕명동 569,유성,127.303332,36.357702
RSE2106,유성구 학하동 652-104,유성,127.305657,36.341602
RSE2107,서구 관저동 1160,둔산,127.326604,36.297196
RSE2108,유성구 죽동 799,유성,127.334991,36.371142
RSE2109,유성구 궁동 산 1-1,유성,127.341809,36.37513
RSE2110,유성구 궁동 358,유성,127.340101,36.369942
RSE5070,은행동 66-51 라쌍데 앞/중교하상도로 둔산방향,대전,127.4311209,36.32769758
RSE5110,판암동 239-2,동대전,127.4622791,36.32216268
RSE5176,대전광역시 동구 용전동80-9 한진지업사 앞,용전,127.4283223,36.35156689
RSE5177,용전동 25-6 동보부동산 앞,용전,127.4319789,36.35884111
RSE5179,성남1동 505-4 금강병원/대원약국 앞,용전,127.4319638,36.34714318
RSE5182,가양1동 451-1 PIZZA HUT 앞,용전,127.4382195,36.34932552
RSE5184,용전동 66-1 홈플러스 앞,용전,127.4384845,36.35381643
RSE5187,가양1동 414-8 달구지막창 앞,용전,127.4454968,36.34544256
RSE5231,대전광역시 동구 삼성동457 삼성네거리,용전,127.4197277,36.33922509
RSE5241,삼성2동 363-11,용전,127.4214498,36.34061192
RSE5242,삼성1동 303-20 한빛종합건설 앞,용전,127.4240093,36.34241058
RSE5243,삼성1동 107-7 삼성기원 앞,용전,127.4298225,36.33805583
RSE5244,삼성1동 112-1 /삼성시장3가 한국인삼공사 정관장 앞,대전,127.4305364,36.33545255
RSE5245,중동 77-1 금석당 앞,대전,127.4325101,36.33092524
RSE5246,원동 20-15,동대전,127.4341205,36.32900021
RSE5248,중동 26-16,대전,127.429766,36.33032963
RSE5251,중동 47-18 롯데관광 앞,대전,127.4263882,36.33310659
RSE5252,대전광역시 동구 중동1-64,대전,127.428468,36.3341634
RSE5253,삼성2동 280-7 삼선교 앞 서울특수가발 앞/개벽룸미시촌 앞,용전,127.4241536,36.33542883
RSE5254,삼성동 283-10,용전,127.4257112,36.33654076
RSE5258,성남2동 52-3 창고형할인마트 앞,용전,127.4358948,36.34043947
RSE5261,대2동 179-3 /대동5가 LG마트 건너,동대전,127.4429332,36.32975004
RSE5263,가양1동 288-6 기아자동차 앞,용전,127.4423839,36.34357487
RSE5265,대전광역시 동구 가양2동182-4 온누리칠성약국 앞,용전,127.4480206,36.3419845
RSE5266,자양동 67-17 우송공대;우송꽃집 앞,용전,127.4469434,36.33631116
RSE5333,인동 원동네거리 한솔조명앞,동대전,127.4348564,36.32682432
RSE5335,인동 116-18 충청하나은행 건너/칼라스튜디오 앞,동대전,127.4380081,36.32192991
RSE5336,삼성동 999-999 무지개페인트 앞/현암교 하상도로 금산방향,용전,127.4185705,36.33895315
RSE5337,효동 290-5 효동공인중개사 앞,동대전,127.4402683,36.31494516
RSE5340,신흥동 11-5 동부인력개발 앞,동대전,127.4445108,36.32138303
RSE5341,대전광역시 동구 대동86-24 동서해장국 앞,동대전,127.4444278,36.32641328
RSE5342,대동 202-9 동키치킨 앞,동대전,127.4461578,36.32407336
RSE5343,용운동 487-19,동대전,127.4498798,36.32687536
RSE5345,대전광역시 동구 용운동451 현대이용원앞,동대전,127.4539025,36.32843668
RSE5346,용운동 305-3,동대전,127.4615071,36.32758253
RSE5347,판암동 310-13 윤석현정형외과 앞 가로등,동대전,127.4562306,36.31717364
RSE5348,판암동 351-14 판암주공아파트 앞,동대전,127.4620796,36.31845147
RSE5382,대성동 223-18 /대성3가 만능공사철물 앞 삼각지,동대전,127.4601486,36.29610503
RSE5383,삼성2동 283-54 대명고물상 앞/삼선교 하상도로 금산방향,용전,127.4234944,36.33561365
RSE5384,가오동 140,동대전,127.4587232,36.29947286
RSE5385,대전광역시 동구 가오동624 가오연합크리닉 4거리(ITS용),동대전,127.4533,36.30459
RSE5386,대전광역시 동구 가오동644-1  홈플러스 4거리,동대전,127.4572783,36.30696819
RSE5387,가오동 495번지,동대전,127.4556385,36.31001202
RSE5390,가양2동 424-6,용전,127.4424171,36.35108991
RSE5391,중동 47-18 롯데관광 앞/영교 하상도로 금산방향,대전,127.4259678,36.33280394
RSE5392,대전광역시 동구 원동999-999 량샹데 앞;중교하상도로 둔산방향,대전,127.4309217,36.32805623
RSE5394,대전광역시 동구 원동85-44 대흥교 다리밑,대전,127.4325982,36.3260096
RSE5396,인동 999-999 보문교 하상도로 금산방향,동대전,127.4363315,36.32150797
RSE5398,효동 288-3 묵가네 추어탕집/문창교 하상도로 금산방향,동대전,127.4394237,36.31508879
RSE5514,소제동 289 삼호상사 주유소 앞,용전,127.4395177,36.33339494
RSE5522,가오동 404-1 천동네거리,동대전,127.4502354,36.30842677
RSE5524,대전광역시 동구 세천동232-1 대청가든 앞,동대전,127.4969986,36.3474077
RSE5901,낭월동 592 낭월교네거리,동대전,127.4683514,36.28033457
RSE5902,대전광역시 동구 낭월동399 효광원앞삼거리(ITS용),동대전,127.4645506,36.28025245
RSE5957,대전광역시 동구 비룡동546 동신고교 앞,동대전,127.4750837,36.33111221
RSE6061,오류동 184-20 합동카센타 앞,서대전,127.4029287,36.32776038
RSE6087,대전광역시 중구 중촌동183-5,대전,127.4111158,36.3455712
RSE6200,문화2동 644-40 문화2동 자율방범초소 앞,남대전,127.4008514,36.31143415
RSE6221,태평2동 349-13 예꼬선교원 앞,서대전,127.3973997,36.33182536
RSE6222,대전광역시 중구 용두동139-8,대전,127.4009696,36.3316386
RSE6225,선화동 156-8 대전특수강 앞,대전,127.4129653,36.33460951
RSE6226,대전광역시 중구 중촌동282 금호아파트 앞,대전,127.4066477,36.34027495
RSE8017,봉산동 839 보덕초등학교 앞 신구교 앞,신탄진,127.3911778,36.43624557
RSE8018,대전광역시 유성구 송강동73-2 한아름아파트 115동 건너,신탄진,127.3861499,36.42875412
RSE8019,화암동 999-999 화암4거리,북대전,127.3750422,36.40756626
RSE8021,장동 363-6 한국기계연구원 앞,북대전,127.3551338,36.39746459
RSE8022,대전광역시 유성구 전민동284-3 공동주택 113동,북대전,127.3968687,36.39984036
RSE8023,전민동 466-3 엑스포코아 건너 앞 교통섬,북대전,127.4047131,36.3997871
RSE8024,지족동 999-999 지족3거리,유성,127.3202402,36.38425739
RSE8026,대전광역시 유성구 지족동900-1,유성,127.3181371,36.37575992
RSE8027,지족동 921 장대파출소 앞,유성,127.3229898,36.37585313
RSE8028,지족동 881-1 선사공원 앞,유성,127.3244341,36.37688473
RSE8029,신성동 368-12 유성구노인복지회관 건너,북대전,127.3430134,36.38366728
RSE8030,신성동 97-9 쌍용중앙연구소 앞/북청가든 앞,북대전,127.3539789,36.38560386
RSE8031,어은동 52 항공우주연구소 건너/한국자원연구소 앞,북대전,127.3574906,36.37916227
RSE8032,가정동 산16-5,북대전,127.3643921,36.38410552
RSE8033,도룡동 382 롯데호텔 앞/이트엘어학원 건,북대전,127.3789415,36.38877464
RSE8034,도룡동 385-10 대덕연구단지우체국 대각/도룡난원 앞,북대전,127.3788727,36.38593253
RSE8036,문지동 146-1 문지3거리 LG칼덱스중앙연구소 대각선 건너,북대전,127.4052302,36.39024009
RSE8037,대전광역시 유성구 원촌동999-999 원천교4거리;분원마을 금고 앞,북대전,127.4071209,36.38019923
RSE8041,노은동 492 새미래아파트 816동 건너,유성,127.3176493,36.37199865
RSE8042,노은동 521 선사박물관 앞,유성,127.3232244,36.37197889
RSE8043,노은동 551-1 중앙부동산 앞,유성,127.3181138,36.36747178
RSE8044,대전광역시 유성구 노은동529 월드컵경기장 건너 SK주유소 건너 호수공원,유성,127.3236925,36.3670933
RSE8046,장대동 17-1 아주조경 앞,유성,127.3323,36.36667833
RSE8047,장대동 301-30 현대 OIL BANK 알 CC TV,유성,127.3266691,36.35938504
RSE8048,대전광역시 유성구 갑동104-2 현충교 맞은편,유성,127.2992459,36.36017182
RSE8050,장대동 140-1 충남대학교 건너/대우아파트 앞,유성,127.3380433,36.36464509
RSE8051,어은동 106,유성,127.3538369,36.36039955
RSE8053,구성동 400 한국과학기술원 정문 건너편 자연녹지지역,북대전,127.3640376,36.36530518
RSE8055,구성동 20 성두산공원 건너편,북대전,127.3706405,36.36932106
RSE8066,궁동 424-1 미래부동산 앞,유성,127.350001,36.36047839
RSE8069,도룡동 3-1 대덕대교 건너 우측 엑스포주차장앞,북대전,127.379898,36.37488777
RSE8071,도룡동 4,북대전,127.3933909,36.37452492
RSE8079,대전광역시 유성구 대정동591 진잠화물터널입구 삼거리 앞,구봉,127.3156429,36.31464597
RSE8084,노은동 55-1 월드컵경기장 앞 4거리,유성,127.3266641,36.36706707
RSE8093,구암동 515-4 수안보별장 가든 앞,유성,127.305593,36.360434
RSE8095,장대동 211-1 현대자동차 앞,유성,127.3320329,36.35764064
RSE8096,봉명동 563-4,유성,127.3316121,36.35701014
RSE8098,봉명동 466-2 LA VORA앞,유성,127.3367774,36.35485604
RSE8099,봉명동 448-16 미건의료기 앞,유성,127.3387753,36.35433534
RSE8100,봉명동 557-19 진터벌주유소 앞,유성,127.3379667,36.35062675
RSE8102,봉명동 326-27,유성,127.3417161,36.35324983
RSE8103,대전광역시 유성구 봉명동542-10 만년교앞(ITS용),유성,127.3482089,36.3520523
RSE8160,전민동 462-1 수자원연구소 앞,북대전,127.3974143,36.40572961
RSE8181,구암동 425-9 계룡로노은농산물시장 입구,유성,127.318017,36.35926746
RSE8321,관평동 615 북대전IC 앞 묵마을 입구,북대전,127.3779852,36.41712705
RSE8322,대전광역시 유성구 관평동산12-2 황제충전소앞 3거리(ITS용),신탄진,127.3801995,36.42012588
RSE8323,대전광역시 유성구 관평동666 401동 앞 대우푸르지오앞3거리(ITS용),신탄진,127.3851212,36.41903004
RSE8324,대전광역시 유성구 용산동352-2 우림루미아트앞4거리(ITS용),신탄진,127.3948111,36.41683116
RSE8325,대전광역시 유성구 탑립동851 정도VIT앞 3거리(ITS용),신탄진,127.4115444,36.41158482
RSE8326,대전광역시 유성구 관평동520 용산교네거리(ITS용),신탄진,127.4020487,36.4262343
RSE8327,대전광역시 유성구 관평동1316 웅진에너지 앞3거리,신탄진,127.3938542,36.43212758
RSE8328,대전광역시 유성구 관평동804 남일빌딩앞 4거리(ITS용),신탄진,127.3907127,36.426867
RSE8380,원내동 388-22 단동성 건너편,구봉,127.3204603,36.29349871
RSE8501,대전광역시 유성구 봉산동709 협진운수 앞,신탄진,127.3841127,36.44527124
RSE8504,대전광역시 유성구 원내동305 한아름아파트 111동 건너/진잠중학교 앞,구봉,127.3175776,36.29566658
RSE8505,봉산동 171 유성제일교회 앞,신탄진,127.3884513,36.4340928
RSE8506,장대동 271-5,유성,127.3355738,36.36067618
RSE8507,궁동 479-11 충대정문오거리 앞,유성,127.3443003,36.36191535
RSE8523,대전광역시 유성구 반석동999 삼부르네상스 108동 앞 신호등,유성,127.3288443,36.3523849
RSE8524,구암동 275,유성,127.324782,36.346672
RSE8904,반석동 612-1 반석마을A 7단지 정문,유성,127.3102562,36.39577487
RSE8905,반석동 998 외삼네거리 앞 신호등,유성,127.3117725,36.39541189
RSE8906,대전광역시 유성구 반석동309-1 양지공인중개사 앞 신호등,유성,127.30894,36.39051153
RSE8907,반석동 621-4 김밥나라 앞,유성,127.3120544,36.39185007
RSE8908,반석동 999-1 뉴타운프라자 앞 신호등,유성,127.3152014,36.39205145
RSE8909,대전광역시 유성구 반석동999-2 반석마을아파트 110동 건너편 신호등,유성,127.313072,36.38714933
RSE8910,대전광역시 유성구 반석동999-3 노은8블럭 호반리젠시빌 304동 앞 신호등,유성,127.3168434,36.38624165
RSE8911,반석동 999-4 반석네거리 앞 신호등,유성,127.3188826,36.38713404
RSE8912,하기동 514 하기초등학교앞 신호등,유성,127.3226223,36.38751295
RSE8913,하기동 512,유성,127.331333,36.39063146
RSE8914,대전광역시 유성구 지족동999 유성구장애인종합복지관 앞 신호등,유성,127.3225203,36.38072029
RSE8915,대전광역시 유성구 지족동999 유성여고 입구 신호등,유성,127.3276275,36.38073638
RSE8916,탑립동 803,신탄진,127.4068398,36.41307363
RSE9001,신일동 1697 동아연필(주)건너/신구교 앞,신탄진,127.3952668,36.43847463
RSE9002,문평동 49-3 (주)BYC 앞,신탄진,127.4002583,36.44209168
RSE9003,신일동 1694-10 효성T 앞/현대정유공단주유소 건너,신탄진,127.4049158,36.44487384
RSE9005,덕암동 176-4 대덕여고 앞,신탄진,127.4190499,36.44863412
RSE9007,석봉동 145-5 신탄진네거리 델리암스 베이커리 앞,신탄진,127.4290604,36.45090525
RSE9008,대전광역시 대덕구 신탄진동84-5 사보이장 여관 앞,신탄진,127.4346445,36.45312955
RSE9009,대전광역시 대덕구 신탄진동149-5 신탄진고교 앞,신탄진,127.4358808,36.44862266
RSE9010,신탄진동 147-1 박정형외과 의원건너 육교밑 신호등,신탄진,127.4293039,36.44749548
RSE9011,석봉동 188-14 장원축산물 앞,신탄진,127.4259497,36.44755702
RSE9012,목상동 3-2 새일고교 옆/덕암골프연습장 건너,신탄진,127.4214072,36.44698426
RSE9013,덕암동 13-1 신탄대한약국 건너/기아카클리릭 앞,신탄진,127.4259273,36.44402599
RSE9015,신탄진동 296-14 신탄진고가 SK가스충전소 앞,신탄진,127.4292529,36.44226279
RSE9016,덕암동 541-3 덕암3가신호등,신탄진,127.4263352,36.43866972
RSE9017,오정동 767-14,용전,127.412449,36.346416
RSE9020,상서동 442 산막삼거리,신탄진,127.4198769,36.42197908
RSE9038,읍내동 506-12건너 원천교/원천SK주유소 건너 천편,용전,127.4110066,36.37773256
RSE9040,읍내동 521-4 대전화물터미널 건너편,용전,127.426122,36.381448
RSE9072,대전광역시 대덕구 대화동289-1 제일은행;공구상가 건너편,용전,127.4005765,36.36729801
RSE9073,대화동 16-239 두리예식장 건너,용전,127.419501,36.36759011
RSE9075,읍내동 358 장터주유소 건너,용전,127.4198876,36.37294843
RSE9076,법1동 280-2 삼호아파트 건너/한샘교회 앞,용전,127.4246549,36.37299416
RSE9078,중리동 362-1 럭키스포츠프라자 앞,용전,127.4229962,36.36640294
RSE9082,송촌동 439-4 인재학원/왕인학원 건너 신호등,용전,127.4281102,36.37472309
RSE9083,법동 282-3 대전원예농협법동지점,용전,127.4286503,36.37081799
RSE9086,중리동 132-5 프로스펙스대리점 앞/가자주류백화점 앞,용전,127.4297456,36.3670672
RSE9090,중리동 121-1 하나로종합병원 앞,용전,127.4317642,36.3616983
RSE9156,상서동 259 3/4공단 3거리/미쉐린타이어대전총판 앞,신탄진,127.4206017,36.42774771
RSE9158,대전광역시 대덕구 오정동705 농수산물오거리,용전,127.4047681,36.35714864
RSE9162,대전광역시 대덕구 오정동715 오정동사무소오거리,용전,127.409661,36.35293484
RSE9165,대전광역시 대덕구 오정동731 오정철교사다리,용전,127.412831,36.35044632
RSE9166,오정동 390-1 위니아에어컨 앞,용전,127.4158097,36.35837897
RSE9168,오정동 428-2 LG정유동대전충전소 앞,용전,127.4155435,36.35330436
RSE9170,대전광역시 대덕구 오정동731 한남오거리,용전,127.41557,36.34821522
RSE9172,오정동 454-6,용전,127.4190562,36.35050836
RSE9174,중리동 221-3 통영할어회직판장 앞,용전,127.4203359,36.35851301
RSE9183,비래동 118-1 금성백조아파트 앞/심야전기백화점 앞,용전,127.4487471,36.35893506
RSE9184,대전광역시 대덕구 송촌동562-1 대전나들목네거리,용전,127.4457321,36.35791371
RSE9185,송촌동 460-1 송림해피존 앞,용전,127.4384795,36.36653627
RSE9186,비래동 171 라보라대전지점 앞,용전,127.4451078,36.35583614
RSE9190,비래동 130-9,용전,127.4514435,36.3577262
RSE9191,비래동 45-1 컴퓨터으뜸병원 앞,용전,127.4549011,36.354609
RSE9220,신일동 1692-5 삼화기전 앞,신탄진,127.408285,36.43186747
RSE9247,오정동 344-3 대우자바라 앞/철교1 하상도로 금산방향,용전,127.4102411,36.34838337
RSE9257,중리동 203-5/중리아파트3가/ 소망24시 열쇠,용전,127.4269969,36.35923491
RSE9323,목상동 38-5 영진가스상사 앞,신탄진,127.4130065,36.44962937
RSE9328,송촌동 495-10 송촌중학교 앞,용전,127.4423637,36.3638526
RSE9402,대화동 553 한밭아이씨북편,용전,127.3979287,36.36592072
RSE9403,대화동 388 대화아이씨서편,용전,127.4023536,36.3738134
RSE9502,덕암동 345 덕암우체국삼거리,신탄진,127.4218909,36.4340009
RSE9503,신대동 366 회덕농협 앞,용전,127.4228982,36.40127094
RSE9512,대전광역시 대덕구 법2동195-1 그린타운아파트 앞/소원아파트 건너,용전,127.4340052,36.36788064
RSE9513,대전광역시 대덕구 중리동505-1 중리취사장 근처,용전,127.4355484,36.36205603
RSE9999,신대동 69-11 신탄진방향,용전,127.4179236,36.4072788
RSE7215,용문동 224-140 연일카센타 건너 도산길 입구,서대전,127.4007399,36.33891548
RSE7216,용문동 250-3 S-OIL 우송주유소 앞,서대전,127.3968679,36.33498883
RSE7218,가장동 17-7 한마음아파트 건너/신성전기조명 앞,서대전,127.3924425,36.3314508
RSE7267,도마동 14-18 서대전여고 건너 서대전 문고 건너,서대전,127.3707434,36.32662105
RSE7268,변동 73-33 변동슈퍼타운 건너/사거리 분식 앞,서대전,127.3748881,36.32894028
RSE7269,도마동 49-12 영풍제과 앞,서대전,127.3734714,36.32227067
RSE7270,도마1동 61-37 대청수족관 앞,서대전,127.3738285,36.31946212
RSE7271,도마2동 122-6,서대전,127.373623,36.31568656
RSE7272,변동 31-57 변동농협 건너편/복양교회 앞 교통섬,서대전,127.3793371,36.32551677
RSE7273,변동 61-7 진명약국 앞,서대전,127.3777393,36.32246739
RSE7274,대전광역시 서구 도마동50-6 부부제세한의원 앞,서대전,127.370278,36.322584
RSE7275,대전광역시 서구 도마1동65-50 SK서림주유소 앞;윤성유리 앞,서대전,127.3775493,36.3193612
RSE7277,도마동 128-1 농협 앞,서대전,127.3785586,36.31598417
RSE7278,도마2동 172-15 주택은행 앞,서대전,127.3797839,36.31314844
RSE7279,가장동 32-43 가장교 건너 갈비랑 석쇠 앞 교통섬,서대전,127.3884289,36.32778595
RSE7280,변동 43-1 동명오일뱅크 주유소 앞,서대전,127.3852561,36.32325906
RSE7282,도마동 136-5 유등교 건너 중앙성심외과 앞,서대전,127.3844365,36.31528152
RSE7349,관저동 616-3 대원산업 앞,구봉,127.3241339,36.29881277
RSE7350,관저동 337 서부자동차시장앞/주공5단지 508동앞,구봉,127.3286337,36.30068513
RSE7352,대전광역시 서구 관저동1172 관저네거리,구봉,127.3351976,36.30170138
RSE7353,관저동 82-1 원앙마을아파트 건너편,구봉,127.3401346,36.3026433
RSE7355,가수원동 666-1,구봉,127.3445134,36.30352186
RSE7356,가수원동 761-2,구봉,127.3492348,36.3044063
RSE7357,가수원동 764-1 가수원파출소 건너편,구봉,127.3528771,36.30524557
RSE7358,정림동 490 현대자동차 서비스 앞,남대전,127.3621349,36.30702844
RSE7359,대전시 유성구 원신흥동 63-3 LH대전에너지 사업단 앞 네거리,LG U+,127.347823,36.33207886
RSE7360,정림동 226-76 LG쇼파침대 앞,서대전,127.3718786,36.30996248
RSE7361,도마1동 179-20 현대정유앞 가로등,남대전,127.3747694,36.31051672
RSE7362,도마동 179-20 현대정유 앞,남대전,127.3848847,36.31128675
RSE7364,대전광역시 서구 정림동8-22 정림산채가든 건너편,남대전,127.3701613,36.30722793
RSE7365,대전광역시 서구 복수동375 복수군인아파트 가동 101호,남대전,127.3727193,36.30435906
RSE7384,둔산2동 908 샘머리아파트 입구/돌샘유치원 앞,둔산,127.3951148,36.3599246
RSE7385,둔산동 913 대한주택공사빌딩 앞,둔산,127.3899011,36.35943982
RSE7387,가장동 39-1 운창지물포 앞,서대전,127.3843966,36.33117016
RSE7388,용문동 257-10,서대전,127.3931808,36.33794132
RSE7401,대전광역시 서구 만년동300 KBS방송국 만년동문예공원앞엑스포지하차도서편,둔산,127.3830217,36.37078542
RSE7510,갈마1동 419 갈마아파트 앞 /갈마그랜드프라자 건너,서대전,127.3686754,36.34383758
RSE7511,월평동 218,둔산,127.3686002,36.36245398
RSE7515,가양동 87-1 근영약국 앞,용전,127.4510913,36.34876919
RSE7516,대전광역시 유성구 방동20-9 방동저수지 입구,구봉,127.3107559,36.28507078
RSE7517,관저동 1146 구봉8단지 805동 건너/우정유치원 앞,구봉,127.3296554,36.29650396
RSE7518,도마2동 359-10,서대전,127.3708175,36.31937261
RSE7519,정림동 650 영풍제과 앞,남대전,127.3663196,36.30246771
RSE7520,관저동 1470번지,구봉,127.340804,36.29672983
RSE7949,대전광역시 서구 흑석동377-4 충남렌트카 앞,남대전,127.3405763,36.25465831
RSE7950,관저동 381-1,구봉,127.334806,36.296288
RSE7951,복수동 648 대양빌딩 앞,남대전,127.378488,36.298101
